source_file,path_id,tx_hash,path_length,context_size,neighbor_count,label,event_name,attacker_address
event_event_12_Dough_Finance_0x67104175_20250806_112111_labeled.csv,1299dc5e869a028d,92cdcc732eebf47200ea56123716e337f6ef7d5ad714a2295794fdc6031ebb2e,6,12,6,1,Dough Finance,0x67104175fc5fabbdb5a1876c3914e04b94c71741
event_event_12_Dough_Finance_0x67104175_20250806_112111_labeled.csv,76e9a5c59a8fe93c,9f497c7d974b2a3bf9a1250ca08891607053921463ad61fe593148e9b426bd09,3,3,0,0,Dough Finance,0x67104175fc5fabbdb5a1876c3914e04b94c71741
event_event_12_Dough_Finance_0x67104175_20250806_112111_labeled.csv,7576fa4beb138193,92cdcc732eebf47200ea56123716e337f6ef7d5ad714a2295794fdc6031ebb2e,4,9,5,1,Dough Finance,0x67104175fc5fabbdb5a1876c3914e04b94c71741
event_event_12_Dough_Finance_0x67104175_20250806_112111_labeled.csv,75a92173c2277183,92cdcc732eebf47200ea56123716e337f6ef7d5ad714a2295794fdc6031ebb2e,4,8,4,1,Dough Finance,0x67104175fc5fabbdb5a1876c3914e04b94c71741
event_event_12_Dough_Finance_0x67104175_20250806_112111_labeled.csv,081664fe0e6ca76c,92cdcc732eebf47200ea56123716e337f6ef7d5ad714a2295794fdc6031ebb2e,4,9,5,1,Dough Finance,0x67104175fc5fabbdb5a1876c3914e04b94c71741
event_event_12_Dough_Finance_0x67104175_20250806_112111_labeled.csv,2b37852a1f003d6d,92cdcc732eebf47200ea56123716e337f6ef7d5ad714a2295794fdc6031ebb2e,5,11,6,1,Dough Finance,0x67104175fc5fabbdb5a1876c3914e04b94c71741
event_event_12_Dough_Finance_0x67104175_20250806_112111_labeled.csv,518f99ed85aa5824,92cdcc732eebf47200ea56123716e337f6ef7d5ad714a2295794fdc6031ebb2e,4,8,4,1,Dough Finance,0x67104175fc5fabbdb5a1876c3914e04b94c71741
event_event_12_Dough_Finance_0x67104175_20250806_112111_labeled.csv,5341e1f7a473208e,92cdcc732eebf47200ea56123716e337f6ef7d5ad714a2295794fdc6031ebb2e,3,7,4,0,Dough Finance,0x67104175fc5fabbdb5a1876c3914e04b94c71741
event_event_12_Dough_Finance_0x67104175_20250806_112111_labeled.csv,447056902aed20b7,92cdcc732eebf47200ea56123716e337f6ef7d5ad714a2295794fdc6031ebb2e,3,7,4,1,Dough Finance,0x67104175fc5fabbdb5a1876c3914e04b94c71741
event_event_12_Dough_Finance_0x67104175_20250806_112111_labeled.csv,4ea86ae51973f134,92cdcc732eebf47200ea56123716e337f6ef7d5ad714a2295794fdc6031ebb2e,5,11,6,0,Dough Finance,0x67104175fc5fabbdb5a1876c3914e04b94c71741
event_event_12_Dough_Finance_0x67104175_20250806_112111_labeled.csv,4a7dd4810055ff89,92cdcc732eebf47200ea56123716e337f6ef7d5ad714a2295794fdc6031ebb2e,6,12,6,0,Dough Finance,0x67104175fc5fabbdb5a1876c3914e04b94c71741
event_event_12_Dough_Finance_0x67104175_20250806_112111_labeled.csv,c97f94eea61b6091,92cdcc732eebf47200ea56123716e337f6ef7d5ad714a2295794fdc6031ebb2e,6,11,5,0,Dough Finance,0x67104175fc5fabbdb5a1876c3914e04b94c71741
event_event_12_Dough_Finance_0x67104175_20250806_112111_labeled.csv,261be58b8110f26c,92cdcc732eebf47200ea56123716e337f6ef7d5ad714a2295794fdc6031ebb2e,3,7,4,0,Dough Finance,0x67104175fc5fabbdb5a1876c3914e04b94c71741
event_event_12_Dough_Finance_0x67104175_20250806_112111_labeled.csv,184449005f6ece13,2c98beaffe38d8cfb8111c9db1ba5215d134ebefc3b4faeea749aa301ea5432a,3,4,1,0,Dough Finance,0x67104175fc5fabbdb5a1876c3914e04b94c71741
event_event_12_Dough_Finance_0x67104175_20250806_112111_labeled.csv,b559e1a01e4d4185,92cdcc732eebf47200ea56123716e337f6ef7d5ad714a2295794fdc6031ebb2e,3,7,4,1,Dough Finance,0x67104175fc5fabbdb5a1876c3914e04b94c71741
event_event_12_Dough_Finance_0x67104175_20250806_112111_labeled.csv,472eddce5afaa1c9,92cdcc732eebf47200ea56123716e337f6ef7d5ad714a2295794fdc6031ebb2e,4,9,5,1,Dough Finance,0x67104175fc5fabbdb5a1876c3914e04b94c71741
event_event_12_Dough_Finance_0x67104175_20250806_112111_labeled.csv,4558c868ddd72eb9,4d52f0dad3ddb7ac5523c51a75a9acd47b244e536b240d692784305b69ca6ab5,5,8,3,0,Dough Finance,0x67104175fc5fabbdb5a1876c3914e04b94c71741
event_event_12_Dough_Finance_0x67104175_20250806_112111_labeled.csv,2e714e05aa7cdc18,92cdcc732eebf47200ea56123716e337f6ef7d5ad714a2295794fdc6031ebb2e,3,7,4,0,Dough Finance,0x67104175fc5fabbdb5a1876c3914e04b94c71741
event_event_12_Dough_Finance_0x67104175_20250806_112111_labeled.csv,44ab16d073f886e3,92cdcc732eebf47200ea56123716e337f6ef7d5ad714a2295794fdc6031ebb2e,4,9,5,0,Dough Finance,0x67104175fc5fabbdb5a1876c3914e04b94c71741
event_event_12_Dough_Finance_0x67104175_20250806_112111_labeled.csv,472a0ae16540d5ab,92cdcc732eebf47200ea56123716e337f6ef7d5ad714a2295794fdc6031ebb2e,5,10,5,0,Dough Finance,0x67104175fc5fabbdb5a1876c3914e04b94c71741
event_event_12_Dough_Finance_0x67104175_20250806_112111_labeled.csv,d859f70e3d1bf805,92cdcc732eebf47200ea56123716e337f6ef7d5ad714a2295794fdc6031ebb2e,3,7,4,0,Dough Finance,0x67104175fc5fabbdb5a1876c3914e04b94c71741
event_event_12_Dough_Finance_0x67104175_20250806_112111_labeled.csv,17b2f874f1da15b3,92cdcc732eebf47200ea56123716e337f6ef7d5ad714a2295794fdc6031ebb2e,4,7,3,0,Dough Finance,0x67104175fc5fabbdb5a1876c3914e04b94c71741
event_event_12_Dough_Finance_0x67104175_20250806_112111_labeled.csv,cf032aaac2b2c9af,92cdcc732eebf47200ea56123716e337f6ef7d5ad714a2295794fdc6031ebb2e,4,8,4,0,Dough Finance,0x67104175fc5fabbdb5a1876c3914e04b94c71741
event_event_12_Dough_Finance_0x67104175_20250806_112111_labeled.csv,bd902e270b9b6e32,92cdcc732eebf47200ea56123716e337f6ef7d5ad714a2295794fdc6031ebb2e,4,8,4,0,Dough Finance,0x67104175fc5fabbdb5a1876c3914e04b94c71741
event_event_12_Dough_Finance_0x67104175_20250806_112111_labeled.csv,8b61d33c2212f0b8,92cdcc732eebf47200ea56123716e337f6ef7d5ad714a2295794fdc6031ebb2e,4,9,5,0,Dough Finance,0x67104175fc5fabbdb5a1876c3914e04b94c71741
event_event_12_Dough_Finance_0x67104175_20250806_112111_labeled.csv,da70a91c1abfa9d9,92cdcc732eebf47200ea56123716e337f6ef7d5ad714a2295794fdc6031ebb2e,4,7,3,0,Dough Finance,0x67104175fc5fabbdb5a1876c3914e04b94c71741
event_event_12_Dough_Finance_0x67104175_20250806_112111_labeled.csv,baa09294c93fb93c,92cdcc732eebf47200ea56123716e337f6ef7d5ad714a2295794fdc6031ebb2e,4,6,2,0,Dough Finance,0x67104175fc5fabbdb5a1876c3914e04b94c71741
event_event_12_Dough_Finance_0x67104175_20250806_112111_labeled.csv,48d02dc7771002f3,92cdcc732eebf47200ea56123716e337f6ef7d5ad714a2295794fdc6031ebb2e,3,8,5,0,Dough Finance,0x67104175fc5fabbdb5a1876c3914e04b94c71741
event_event_12_Dough_Finance_0x67104175_20250806_112111_labeled.csv,779a5e22420c2edc,92cdcc732eebf47200ea56123716e337f6ef7d5ad714a2295794fdc6031ebb2e,4,7,3,0,Dough Finance,0x67104175fc5fabbdb5a1876c3914e04b94c71741
event_event_12_Dough_Finance_0x67104175_20250806_112111_labeled.csv,08725207d4a02ff3,92cdcc732eebf47200ea56123716e337f6ef7d5ad714a2295794fdc6031ebb2e,4,9,5,0,Dough Finance,0x67104175fc5fabbdb5a1876c3914e04b94c71741
event_event_13_UwU_Lend_0x841ddf09_20250806_112739_labeled.csv,82162c07d5655218,9235e0662e230bdfa94f56f4932fd09a95fea17e4b9b44a4f40a59449e216110,7,13,6,1,UwU Lend,0x841ddf093f5188989fa1524e7b893de64b421f47
event_event_13_UwU_Lend_0x841ddf09_20250806_112739_labeled.csv,0769f7c6436b1411,9235e0662e230bdfa94f56f4932fd09a95fea17e4b9b44a4f40a59449e216110,7,12,5,0,UwU Lend,0x841ddf093f5188989fa1524e7b893de64b421f47
event_event_13_UwU_Lend_0x841ddf09_20250806_112739_labeled.csv,6d38d06e50b95d00,9235e0662e230bdfa94f56f4932fd09a95fea17e4b9b44a4f40a59449e216110,6,11,5,0,UwU Lend,0x841ddf093f5188989fa1524e7b893de64b421f47
event_event_13_UwU_Lend_0x841ddf09_20250806_112739_labeled.csv,0f12d497c65882a3,9235e0662e230bdfa94f56f4932fd09a95fea17e4b9b44a4f40a59449e216110,6,13,7,1,UwU Lend,0x841ddf093f5188989fa1524e7b893de64b421f47
event_event_13_UwU_Lend_0x841ddf09_20250806_112739_labeled.csv,3681a1115d2546d4,9235e0662e230bdfa94f56f4932fd09a95fea17e4b9b44a4f40a59449e216110,8,14,6,1,UwU Lend,0x841ddf093f5188989fa1524e7b893de64b421f47
event_event_13_UwU_Lend_0x841ddf09_20250806_112739_labeled.csv,2d99f1726a130f7e,9235e0662e230bdfa94f56f4932fd09a95fea17e4b9b44a4f40a59449e216110,6,13,7,1,UwU Lend,0x841ddf093f5188989fa1524e7b893de64b421f47
event_event_13_UwU_Lend_0x841ddf09_20250806_112739_labeled.csv,703696d8f19f8262,9235e0662e230bdfa94f56f4932fd09a95fea17e4b9b44a4f40a59449e216110,4,8,4,0,UwU Lend,0x841ddf093f5188989fa1524e7b893de64b421f47
event_event_13_UwU_Lend_0x841ddf09_20250806_112739_labeled.csv,4aee86b0fde11f7a,9235e0662e230bdfa94f56f4932fd09a95fea17e4b9b44a4f40a59449e216110,5,11,6,1,UwU Lend,0x841ddf093f5188989fa1524e7b893de64b421f47
event_event_13_UwU_Lend_0x841ddf09_20250806_112739_labeled.csv,28b1aff52af1b5f7,9235e0662e230bdfa94f56f4932fd09a95fea17e4b9b44a4f40a59449e216110,5,9,4,0,UwU Lend,0x841ddf093f5188989fa1524e7b893de64b421f47
event_event_13_UwU_Lend_0x841ddf09_20250806_112739_labeled.csv,5bc9d712b0b9d3a7,9235e0662e230bdfa94f56f4932fd09a95fea17e4b9b44a4f40a59449e216110,7,14,7,1,UwU Lend,0x841ddf093f5188989fa1524e7b893de64b421f47
event_event_13_UwU_Lend_0x841ddf09_20250806_112739_labeled.csv,2f88cdcb9d81df9c,9235e0662e230bdfa94f56f4932fd09a95fea17e4b9b44a4f40a59449e216110,5,10,5,1,UwU Lend,0x841ddf093f5188989fa1524e7b893de64b421f47
event_event_13_UwU_Lend_0x841ddf09_20250806_112739_labeled.csv,09fe21dee4271c9d,9235e0662e230bdfa94f56f4932fd09a95fea17e4b9b44a4f40a59449e216110,6,13,7,1,UwU Lend,0x841ddf093f5188989fa1524e7b893de64b421f47
event_event_13_UwU_Lend_0x841ddf09_20250806_112739_labeled.csv,1095026ce7bb9790,9235e0662e230bdfa94f56f4932fd09a95fea17e4b9b44a4f40a59449e216110,3,7,4,0,UwU Lend,0x841ddf093f5188989fa1524e7b893de64b421f47
event_event_13_UwU_Lend_0x841ddf09_20250806_112739_labeled.csv,aa14168e50e66658,9235e0662e230bdfa94f56f4932fd09a95fea17e4b9b44a4f40a59449e216110,4,8,4,0,UwU Lend,0x841ddf093f5188989fa1524e7b893de64b421f47
event_event_13_UwU_Lend_0x841ddf09_20250806_112739_labeled.csv,401cdfdb628d21c5,9235e0662e230bdfa94f56f4932fd09a95fea17e4b9b44a4f40a59449e216110,5,12,7,0,UwU Lend,0x841ddf093f5188989fa1524e7b893de64b421f47
event_event_13_UwU_Lend_0x841ddf09_20250806_112739_labeled.csv,1f2f160edbd61600,9235e0662e230bdfa94f56f4932fd09a95fea17e4b9b44a4f40a59449e216110,5,12,7,0,UwU Lend,0x841ddf093f5188989fa1524e7b893de64b421f47
event_event_13_UwU_Lend_0x841ddf09_20250806_112739_labeled.csv,ab944a1c35679713,9235e0662e230bdfa94f56f4932fd09a95fea17e4b9b44a4f40a59449e216110,5,12,7,0,UwU Lend,0x841ddf093f5188989fa1524e7b893de64b421f47
event_event_13_UwU_Lend_0x841ddf09_20250806_112739_labeled.csv,b18d65db615fc895,9235e0662e230bdfa94f56f4932fd09a95fea17e4b9b44a4f40a59449e216110,3,7,4,0,UwU Lend,0x841ddf093f5188989fa1524e7b893de64b421f47
event_event_13_UwU_Lend_0x841ddf09_20250806_112739_labeled.csv,2909cb8a6fe18990,9235e0662e230bdfa94f56f4932fd09a95fea17e4b9b44a4f40a59449e216110,4,8,4,0,UwU Lend,0x841ddf093f5188989fa1524e7b893de64b421f47
event_event_13_UwU_Lend_0x841ddf09_20250806_112739_labeled.csv,d74ee129908d3336,9235e0662e230bdfa94f56f4932fd09a95fea17e4b9b44a4f40a59449e216110,3,7,4,1,UwU Lend,0x841ddf093f5188989fa1524e7b893de64b421f47
event_event_13_UwU_Lend_0x841ddf09_20250806_112739_labeled.csv,702da19c71e834cf,9235e0662e230bdfa94f56f4932fd09a95fea17e4b9b44a4f40a59449e216110,5,11,6,1,UwU Lend,0x841ddf093f5188989fa1524e7b893de64b421f47
event_event_13_UwU_Lend_0x841ddf09_20250806_112739_labeled.csv,02c012cd90c7f426,9235e0662e230bdfa94f56f4932fd09a95fea17e4b9b44a4f40a59449e216110,6,12,6,1,UwU Lend,0x841ddf093f5188989fa1524e7b893de64b421f47
event_event_13_UwU_Lend_0x841ddf09_20250806_112739_labeled.csv,6912815d689a6775,9235e0662e230bdfa94f56f4932fd09a95fea17e4b9b44a4f40a59449e216110,4,9,5,0,UwU Lend,0x841ddf093f5188989fa1524e7b893de64b421f47
event_event_13_UwU_Lend_0x841ddf09_20250806_112739_labeled.csv,ed555f5fd4c73c80,9235e0662e230bdfa94f56f4932fd09a95fea17e4b9b44a4f40a59449e216110,3,7,4,0,UwU Lend,0x841ddf093f5188989fa1524e7b893de64b421f47
event_event_13_UwU_Lend_0x841ddf09_20250806_112739_labeled.csv,ce80c4c5e8f1b5c4,9235e0662e230bdfa94f56f4932fd09a95fea17e4b9b44a4f40a59449e216110,3,8,5,0,UwU Lend,0x841ddf093f5188989fa1524e7b893de64b421f47
event_event_13_UwU_Lend_0x841ddf09_20250806_112739_labeled.csv,3a82c4975eb7d6a1,9235e0662e230bdfa94f56f4932fd09a95fea17e4b9b44a4f40a59449e216110,3,7,4,0,UwU Lend,0x841ddf093f5188989fa1524e7b893de64b421f47
event_event_13_UwU_Lend_0x841ddf09_20250806_112739_labeled.csv,02058b2b24dc45cf,9235e0662e230bdfa94f56f4932fd09a95fea17e4b9b44a4f40a59449e216110,3,8,5,0,UwU Lend,0x841ddf093f5188989fa1524e7b893de64b421f47
event_event_13_UwU_Lend_0x841ddf09_20250806_112739_labeled.csv,ae021a5ce12fe279,9235e0662e230bdfa94f56f4932fd09a95fea17e4b9b44a4f40a59449e216110,4,9,5,0,UwU Lend,0x841ddf093f5188989fa1524e7b893de64b421f47
event_event_13_UwU_Lend_0x841ddf09_20250806_112739_labeled.csv,5c1adae852e85653,9235e0662e230bdfa94f56f4932fd09a95fea17e4b9b44a4f40a59449e216110,5,11,6,0,UwU Lend,0x841ddf093f5188989fa1524e7b893de64b421f47
event_event_13_UwU_Lend_0x841ddf09_20250806_112739_labeled.csv,0dc7d6dcee74e0f6,9235e0662e230bdfa94f56f4932fd09a95fea17e4b9b44a4f40a59449e216110,3,7,4,0,UwU Lend,0x841ddf093f5188989fa1524e7b893de64b421f47
event_event_14_Pike_Finance_0x19066f74_20250806_112841_labeled.csv,15e6a7d5fb9d0734,e2912b8bf34d561983f2ae95f34e33ecc7792a2905a3e317fcc98052bce66431,3,6,3,1,Pike Finance,0x19066f7431df29a0910d287c8822936bb7d89e23
event_event_14_Pike_Finance_0x19066f74_20250806_112841_labeled.csv,4a6326d69ef462ee,e2912b8bf34d561983f2ae95f34e33ecc7792a2905a3e317fcc98052bce66431,3,7,4,1,Pike Finance,0x19066f7431df29a0910d287c8822936bb7d89e23
event_event_14_Pike_Finance_0x19066f74_20250806_112841_labeled.csv,72fde10edf5fa6ee,e2912b8bf34d561983f2ae95f34e33ecc7792a2905a3e317fcc98052bce66431,3,6,3,1,Pike Finance,0x19066f7431df29a0910d287c8822936bb7d89e23
event_event_14_Pike_Finance_0x19066f74_20250806_112841_labeled.csv,8d776e2b0fd4aa95,f8ce549fe83ecaf0d889ef5bda0b613081cefdad5bd82237e3a9014584a95d11,4,9,5,0,Pike Finance,0x19066f7431df29a0910d287c8822936bb7d89e23
event_event_14_Pike_Finance_0x19066f74_20250806_112841_labeled.csv,0886804e0f92859f,e2912b8bf34d561983f2ae95f34e33ecc7792a2905a3e317fcc98052bce66431,3,7,4,1,Pike Finance,0x19066f7431df29a0910d287c8822936bb7d89e23
event_event_14_Pike_Finance_0x19066f74_20250806_112841_labeled.csv,6db22e1ff9265a0e,a38aa16354122520b56485ad8fd239f2983afe7b524165361044d9b5ee808fed,4,7,3,0,Pike Finance,0x19066f7431df29a0910d287c8822936bb7d89e23
event_event_14_Pike_Finance_0x19066f74_20250806_112841_labeled.csv,0f59d8cf90cd6b8d,f8ce549fe83ecaf0d889ef5bda0b613081cefdad5bd82237e3a9014584a95d11,4,8,4,0,Pike Finance,0x19066f7431df29a0910d287c8822936bb7d89e23
event_event_14_Pike_Finance_0x19066f74_20250806_112841_labeled.csv,b4f139700cb3f928,a38aa16354122520b56485ad8fd239f2983afe7b524165361044d9b5ee808fed,4,7,3,0,Pike Finance,0x19066f7431df29a0910d287c8822936bb7d89e23
event_event_14_Pike_Finance_0x19066f74_20250806_112841_labeled.csv,56bd7357bfc3ec57,f8ce549fe83ecaf0d889ef5bda0b613081cefdad5bd82237e3a9014584a95d11,3,5,2,0,Pike Finance,0x19066f7431df29a0910d287c8822936bb7d89e23
event_event_14_Pike_Finance_0x19066f74_20250806_112841_labeled.csv,937ec49d327de242,f8ce549fe83ecaf0d889ef5bda0b613081cefdad5bd82237e3a9014584a95d11,4,9,5,0,Pike Finance,0x19066f7431df29a0910d287c8822936bb7d89e23
event_event_14_Pike_Finance_0x19066f74_20250806_112841_labeled.csv,c64d259c7b2874a8,f8ce549fe83ecaf0d889ef5bda0b613081cefdad5bd82237e3a9014584a95d11,3,8,5,0,Pike Finance,0x19066f7431df29a0910d287c8822936bb7d89e23
event_event_14_Pike_Finance_0x19066f74_20250806_112841_labeled.csv,9f448c5c52b9dda4,f8ce549fe83ecaf0d889ef5bda0b613081cefdad5bd82237e3a9014584a95d11,3,5,2,0,Pike Finance,0x19066f7431df29a0910d287c8822936bb7d89e23
event_event_14_Pike_Finance_0x19066f74_20250806_112841_labeled.csv,ff98c7e054b16d15,f8ce549fe83ecaf0d889ef5bda0b613081cefdad5bd82237e3a9014584a95d11,4,9,5,0,Pike Finance,0x19066f7431df29a0910d287c8822936bb7d89e23
event_event_14_Pike_Finance_0x19066f74_20250806_112841_labeled.csv,a18711cedd04c5df,f8ce549fe83ecaf0d889ef5bda0b613081cefdad5bd82237e3a9014584a95d11,3,6,3,0,Pike Finance,0x19066f7431df29a0910d287c8822936bb7d89e23
event_event_14_Pike_Finance_0x19066f74_20250806_112841_labeled.csv,13f55525b18c5c86,a38aa16354122520b56485ad8fd239f2983afe7b524165361044d9b5ee808fed,3,5,2,0,Pike Finance,0x19066f7431df29a0910d287c8822936bb7d89e23
event_event_14_Pike_Finance_0x19066f74_20250806_112841_labeled.csv,59b57e0228ffcd3c,f8ce549fe83ecaf0d889ef5bda0b613081cefdad5bd82237e3a9014584a95d11,4,8,4,0,Pike Finance,0x19066f7431df29a0910d287c8822936bb7d89e23
event_event_14_Pike_Finance_0x19066f74_20250806_112841_labeled.csv,b7be7bec4844d184,f8ce549fe83ecaf0d889ef5bda0b613081cefdad5bd82237e3a9014584a95d11,3,6,3,0,Pike Finance,0x19066f7431df29a0910d287c8822936bb7d89e23
event_event_14_Pike_Finance_0x19066f74_20250806_112841_labeled.csv,47a969aace15cb31,dd7959cdbc0e71f88f12f25c40226326e1caf25e41943dbf4473b6071530a239,2,2,0,0,Pike Finance,0x19066f7431df29a0910d287c8822936bb7d89e23
event_event_14_Pike_Finance_0x19066f74_20250806_112841_labeled.csv,9489bcd0263fc844,e2912b8bf34d561983f2ae95f34e33ecc7792a2905a3e317fcc98052bce66431,4,6,2,0,Pike Finance,0x19066f7431df29a0910d287c8822936bb7d89e23
event_event_14_Pike_Finance_0x19066f74_20250806_112841_labeled.csv,e8166b22378643d4,e2912b8bf34d561983f2ae95f34e33ecc7792a2905a3e317fcc98052bce66431,2,4,2,0,Pike Finance,0x19066f7431df29a0910d287c8822936bb7d89e23
event_event_14_Pike_Finance_0x19066f74_20250806_112841_labeled.csv,27e82b97e5eb32a3,a38aa16354122520b56485ad8fd239f2983afe7b524165361044d9b5ee808fed,2,4,2,0,Pike Finance,0x19066f7431df29a0910d287c8822936bb7d89e23
event_event_14_Pike_Finance_0x19066f74_20250806_112841_labeled.csv,35d1d6506d4332be,f8ce549fe83ecaf0d889ef5bda0b613081cefdad5bd82237e3a9014584a95d11,2,4,2,0,Pike Finance,0x19066f7431df29a0910d287c8822936bb7d89e23
event_event_15_JokInTheBoxETH_0xfcd4acbc_20250806_113026_labeled.csv,a219e3c1eb5256f4,e8277ef6ba8611bd12dc5a6e7ca4b984423bc0b3828159f83b466fdcf4fe054f,4,6,2,1,JokInTheBoxETH,0xfcd4acbc55df53fbc4c9d275e3495b490635f113
event_event_15_JokInTheBoxETH_0xfcd4acbc_20250806_113026_labeled.csv,1e12fda57a245055,e8277ef6ba8611bd12dc5a6e7ca4b984423bc0b3828159f83b466fdcf4fe054f,2,5,3,1,JokInTheBoxETH,0xfcd4acbc55df53fbc4c9d275e3495b490635f113
event_event_15_JokInTheBoxETH_0xfcd4acbc_20250806_113026_labeled.csv,01b9e644e49acbce,e8277ef6ba8611bd12dc5a6e7ca4b984423bc0b3828159f83b466fdcf4fe054f,3,5,2,1,JokInTheBoxETH,0xfcd4acbc55df53fbc4c9d275e3495b490635f113
event_event_15_JokInTheBoxETH_0xfcd4acbc_20250806_113026_labeled.csv,7e0be3a0be58991d,f2fe4ba118acdd8553d1d915c812b1571431b98d2da85c2886af5fa8c789431e,7,15,8,0,JokInTheBoxETH,0xfcd4acbc55df53fbc4c9d275e3495b490635f113
event_event_15_JokInTheBoxETH_0xfcd4acbc_20250806_113026_labeled.csv,f1cf243ad8c521ce,f2fe4ba118acdd8553d1d915c812b1571431b98d2da85c2886af5fa8c789431e,7,15,8,0,JokInTheBoxETH,0xfcd4acbc55df53fbc4c9d275e3495b490635f113
event_event_15_JokInTheBoxETH_0xfcd4acbc_20250806_113026_labeled.csv,f65afb86bf132dbc,85100102d21b605b0b32c8281d534990949f105df459567072e7e1770b34aafb,3,5,2,0,JokInTheBoxETH,0xfcd4acbc55df53fbc4c9d275e3495b490635f113
event_event_15_JokInTheBoxETH_0xfcd4acbc_20250806_113026_labeled.csv,fe1dbf755e8b661d,85100102d21b605b0b32c8281d534990949f105df459567072e7e1770b34aafb,3,5,2,0,JokInTheBoxETH,0xfcd4acbc55df53fbc4c9d275e3495b490635f113
event_event_15_JokInTheBoxETH_0xfcd4acbc_20250806_113026_labeled.csv,c8fb5553e797318c,f2fe4ba118acdd8553d1d915c812b1571431b98d2da85c2886af5fa8c789431e,3,6,3,0,JokInTheBoxETH,0xfcd4acbc55df53fbc4c9d275e3495b490635f113
event_event_15_JokInTheBoxETH_0xfcd4acbc_20250806_113026_labeled.csv,db05b5de4b90339b,9dc5a6c599272a9e79ad93bced30263dbe439d8f6dd725ca0781f88d6515065b,5,12,7,0,JokInTheBoxETH,0xfcd4acbc55df53fbc4c9d275e3495b490635f113
event_event_15_JokInTheBoxETH_0xfcd4acbc_20250806_113026_labeled.csv,19c7a06c06e0709e,9dc5a6c599272a9e79ad93bced30263dbe439d8f6dd725ca0781f88d6515065b,5,12,7,0,JokInTheBoxETH,0xfcd4acbc55df53fbc4c9d275e3495b490635f113
event_event_15_JokInTheBoxETH_0xfcd4acbc_20250806_113026_labeled.csv,36d8e1e937e6f5af,f2fe4ba118acdd8553d1d915c812b1571431b98d2da85c2886af5fa8c789431e,6,13,7,0,JokInTheBoxETH,0xfcd4acbc55df53fbc4c9d275e3495b490635f113
event_event_15_JokInTheBoxETH_0xfcd4acbc_20250806_113026_labeled.csv,a9394e73fcbe2f95,3ae947b12787ccc5003d842b20abba4b337a7a10ef47978c99f263ba3244b7d7,4,8,4,0,JokInTheBoxETH,0xfcd4acbc55df53fbc4c9d275e3495b490635f113
event_event_15_JokInTheBoxETH_0xfcd4acbc_20250806_113026_labeled.csv,b308f541828272d8,f2fe4ba118acdd8553d1d915c812b1571431b98d2da85c2886af5fa8c789431e,6,12,6,0,JokInTheBoxETH,0xfcd4acbc55df53fbc4c9d275e3495b490635f113
event_event_15_JokInTheBoxETH_0xfcd4acbc_20250806_113026_labeled.csv,14f942cfd6b2534f,3ae947b12787ccc5003d842b20abba4b337a7a10ef47978c99f263ba3244b7d7,5,8,3,0,JokInTheBoxETH,0xfcd4acbc55df53fbc4c9d275e3495b490635f113
event_event_15_JokInTheBoxETH_0xfcd4acbc_20250806_113026_labeled.csv,df62f7d14a3c0d15,9dc5a6c599272a9e79ad93bced30263dbe439d8f6dd725ca0781f88d6515065b,4,10,6,0,JokInTheBoxETH,0xfcd4acbc55df53fbc4c9d275e3495b490635f113
event_event_15_JokInTheBoxETH_0xfcd4acbc_20250806_113026_labeled.csv,f6d941fb5a03261d,f2fe4ba118acdd8553d1d915c812b1571431b98d2da85c2886af5fa8c789431e,5,10,5,0,JokInTheBoxETH,0xfcd4acbc55df53fbc4c9d275e3495b490635f113
event_event_15_JokInTheBoxETH_0xfcd4acbc_20250806_113026_labeled.csv,5ee5ba77bb9b899c,9dc5a6c599272a9e79ad93bced30263dbe439d8f6dd725ca0781f88d6515065b,4,9,5,0,JokInTheBoxETH,0xfcd4acbc55df53fbc4c9d275e3495b490635f113
event_event_15_JokInTheBoxETH_0xfcd4acbc_20250806_113026_labeled.csv,123f18bcb2b76ec4,f2fe4ba118acdd8553d1d915c812b1571431b98d2da85c2886af5fa8c789431e,6,12,6,0,JokInTheBoxETH,0xfcd4acbc55df53fbc4c9d275e3495b490635f113
event_event_15_JokInTheBoxETH_0xfcd4acbc_20250806_113026_labeled.csv,289daf3c42e3ea68,9dc5a6c599272a9e79ad93bced30263dbe439d8f6dd725ca0781f88d6515065b,4,9,5,0,JokInTheBoxETH,0xfcd4acbc55df53fbc4c9d275e3495b490635f113
event_event_15_JokInTheBoxETH_0xfcd4acbc_20250806_113026_labeled.csv,8566fe8701fb8cdf,f2fe4ba118acdd8553d1d915c812b1571431b98d2da85c2886af5fa8c789431e,2,4,2,0,JokInTheBoxETH,0xfcd4acbc55df53fbc4c9d275e3495b490635f113
event_event_15_JokInTheBoxETH_0xfcd4acbc_20250806_113026_labeled.csv,2136af262ce6218a,f2fe4ba118acdd8553d1d915c812b1571431b98d2da85c2886af5fa8c789431e,3,7,4,0,JokInTheBoxETH,0xfcd4acbc55df53fbc4c9d275e3495b490635f113
event_event_15_JokInTheBoxETH_0xfcd4acbc_20250806_113026_labeled.csv,ab7621658c9bbee0,e8277ef6ba8611bd12dc5a6e7ca4b984423bc0b3828159f83b466fdcf4fe054f,2,4,2,0,JokInTheBoxETH,0xfcd4acbc55df53fbc4c9d275e3495b490635f113
event_event_15_JokInTheBoxETH_0xfcd4acbc_20250806_113026_labeled.csv,cbeff974cfbfe5f4,9dc5a6c599272a9e79ad93bced30263dbe439d8f6dd725ca0781f88d6515065b,2,4,2,0,JokInTheBoxETH,0xfcd4acbc55df53fbc4c9d275e3495b490635f113
event_event_15_JokInTheBoxETH_0xfcd4acbc_20250806_113026_labeled.csv,388a7b9bdd254721,90c1ca4b31d5427f2bca9d84c7a0f61ec0f512e037cc028edb408b2b15203a0b,2,3,1,0,JokInTheBoxETH,0xfcd4acbc55df53fbc4c9d275e3495b490635f113
event_event_15_JokInTheBoxETH_0xfcd4acbc_20250806_113026_labeled.csv,f588d21f918f255a,90c1ca4b31d5427f2bca9d84c7a0f61ec0f512e037cc028edb408b2b15203a0b,2,3,1,0,JokInTheBoxETH,0xfcd4acbc55df53fbc4c9d275e3495b490635f113
event_event_15_JokInTheBoxETH_0xfcd4acbc_20250806_113026_labeled.csv,6fdb739fc08cb198,f2fe4ba118acdd8553d1d915c812b1571431b98d2da85c2886af5fa8c789431e,2,5,3,0,JokInTheBoxETH,0xfcd4acbc55df53fbc4c9d275e3495b490635f113
event_event_15_JokInTheBoxETH_0xfcd4acbc_20250806_113026_labeled.csv,714014d29010917f,85100102d21b605b0b32c8281d534990949f105df459567072e7e1770b34aafb,2,4,2,0,JokInTheBoxETH,0xfcd4acbc55df53fbc4c9d275e3495b490635f113
event_event_15_JokInTheBoxETH_0xfcd4acbc_20250806_113026_labeled.csv,dd5aaa881b9e1899,f2fe4ba118acdd8553d1d915c812b1571431b98d2da85c2886af5fa8c789431e,3,6,3,0,JokInTheBoxETH,0xfcd4acbc55df53fbc4c9d275e3495b490635f113
event_event_15_JokInTheBoxETH_0xfcd4acbc_20250806_113026_labeled.csv,e9594f21b8e021ab,f2fe4ba118acdd8553d1d915c812b1571431b98d2da85c2886af5fa8c789431e,3,7,4,0,JokInTheBoxETH,0xfcd4acbc55df53fbc4c9d275e3495b490635f113
event_event_15_JokInTheBoxETH_0xfcd4acbc_20250806_113026_labeled.csv,7be59f939713f346,d14f5d5181c181d1c0734ebf7976199652caaad91fad9391b8a725407a284852,2,2,0,0,JokInTheBoxETH,0xfcd4acbc55df53fbc4c9d275e3495b490635f113
event_event_1_Blueberry_Protocol_0x3aa228a8_20250806_104150_labeled.csv,a34406ce0fce75d3,f0464b01d962f714eee9d4392b2494524d0e10ce3eb3723873afd1346b8b06e4,6,14,8,1,Blueberry Protocol,0x3aa228a80f50763045bdfc45012da124bd0a6809
event_event_1_Blueberry_Protocol_0x3aa228a8_20250806_104150_labeled.csv,903cd8a792652830,f0464b01d962f714eee9d4392b2494524d0e10ce3eb3723873afd1346b8b06e4,6,14,8,1,Blueberry Protocol,0x3aa228a80f50763045bdfc45012da124bd0a6809
event_event_1_Blueberry_Protocol_0x3aa228a8_20250806_104150_labeled.csv,9830b23a560fa3a8,f0464b01d962f714eee9d4392b2494524d0e10ce3eb3723873afd1346b8b06e4,6,14,8,1,Blueberry Protocol,0x3aa228a80f50763045bdfc45012da124bd0a6809
event_event_1_Blueberry_Protocol_0x3aa228a8_20250806_104150_labeled.csv,b33b106157c8ac42,f0464b01d962f714eee9d4392b2494524d0e10ce3eb3723873afd1346b8b06e4,6,14,8,1,Blueberry Protocol,0x3aa228a80f50763045bdfc45012da124bd0a6809
event_event_1_Blueberry_Protocol_0x3aa228a8_20250806_104150_labeled.csv,acf98258a75257d6,f0464b01d962f714eee9d4392b2494524d0e10ce3eb3723873afd1346b8b06e4,6,14,8,1,Blueberry Protocol,0x3aa228a80f50763045bdfc45012da124bd0a6809
event_event_1_Blueberry_Protocol_0x3aa228a8_20250806_104150_labeled.csv,cb78128ff09db394,f0464b01d962f714eee9d4392b2494524d0e10ce3eb3723873afd1346b8b06e4,6,13,7,1,Blueberry Protocol,0x3aa228a80f50763045bdfc45012da124bd0a6809
event_event_1_Blueberry_Protocol_0x3aa228a8_20250806_104150_labeled.csv,d223a14e79462b7d,f0464b01d962f714eee9d4392b2494524d0e10ce3eb3723873afd1346b8b06e4,3,7,4,0,Blueberry Protocol,0x3aa228a80f50763045bdfc45012da124bd0a6809
event_event_1_Blueberry_Protocol_0x3aa228a8_20250806_104150_labeled.csv,baf6d9d5a1d97c6a,f0464b01d962f714eee9d4392b2494524d0e10ce3eb3723873afd1346b8b06e4,6,13,7,1,Blueberry Protocol,0x3aa228a80f50763045bdfc45012da124bd0a6809
event_event_1_Blueberry_Protocol_0x3aa228a8_20250806_104150_labeled.csv,0c1b3aa831f8d98d,f0464b01d962f714eee9d4392b2494524d0e10ce3eb3723873afd1346b8b06e4,5,10,5,1,Blueberry Protocol,0x3aa228a80f50763045bdfc45012da124bd0a6809
event_event_1_Blueberry_Protocol_0x3aa228a8_20250806_104150_labeled.csv,ce8add61744b0bfc,f0464b01d962f714eee9d4392b2494524d0e10ce3eb3723873afd1346b8b06e4,4,8,4,1,Blueberry Protocol,0x3aa228a80f50763045bdfc45012da124bd0a6809
event_event_1_Blueberry_Protocol_0x3aa228a8_20250806_104150_labeled.csv,693cf8445f590930,f0464b01d962f714eee9d4392b2494524d0e10ce3eb3723873afd1346b8b06e4,6,13,7,1,Blueberry Protocol,0x3aa228a80f50763045bdfc45012da124bd0a6809
event_event_1_Blueberry_Protocol_0x3aa228a8_20250806_104150_labeled.csv,4481c164d03af419,f0464b01d962f714eee9d4392b2494524d0e10ce3eb3723873afd1346b8b06e4,8,14,6,1,Blueberry Protocol,0x3aa228a80f50763045bdfc45012da124bd0a6809
event_event_1_Blueberry_Protocol_0x3aa228a8_20250806_104150_labeled.csv,75308e9b257c55c8,f0464b01d962f714eee9d4392b2494524d0e10ce3eb3723873afd1346b8b06e4,7,13,6,1,Blueberry Protocol,0x3aa228a80f50763045bdfc45012da124bd0a6809
event_event_1_Blueberry_Protocol_0x3aa228a8_20250806_104150_labeled.csv,eba86caff73c6f25,f0464b01d962f714eee9d4392b2494524d0e10ce3eb3723873afd1346b8b06e4,5,10,5,1,Blueberry Protocol,0x3aa228a80f50763045bdfc45012da124bd0a6809
event_event_1_Blueberry_Protocol_0x3aa228a8_20250806_104150_labeled.csv,710b7f61067e9d36,f0464b01d962f714eee9d4392b2494524d0e10ce3eb3723873afd1346b8b06e4,4,7,3,1,Blueberry Protocol,0x3aa228a80f50763045bdfc45012da124bd0a6809
event_event_1_Blueberry_Protocol_0x3aa228a8_20250806_104150_labeled.csv,b43580be6761b19e,f0464b01d962f714eee9d4392b2494524d0e10ce3eb3723873afd1346b8b06e4,4,7,3,1,Blueberry Protocol,0x3aa228a80f50763045bdfc45012da124bd0a6809
event_event_1_Blueberry_Protocol_0x3aa228a8_20250806_104150_labeled.csv,46d53fbac5279d0c,f0464b01d962f714eee9d4392b2494524d0e10ce3eb3723873afd1346b8b06e4,3,6,3,1,Blueberry Protocol,0x3aa228a80f50763045bdfc45012da124bd0a6809
event_event_1_Blueberry_Protocol_0x3aa228a8_20250806_104150_labeled.csv,a812070216a91355,f0464b01d962f714eee9d4392b2494524d0e10ce3eb3723873afd1346b8b06e4,6,11,5,1,Blueberry Protocol,0x3aa228a80f50763045bdfc45012da124bd0a6809
event_event_1_Blueberry_Protocol_0x3aa228a8_20250806_104150_labeled.csv,dc4b6af8b031e2ef,f0464b01d962f714eee9d4392b2494524d0e10ce3eb3723873afd1346b8b06e4,3,7,4,1,Blueberry Protocol,0x3aa228a80f50763045bdfc45012da124bd0a6809
event_event_1_Blueberry_Protocol_0x3aa228a8_20250806_104150_labeled.csv,ec10656042675259,f0464b01d962f714eee9d4392b2494524d0e10ce3eb3723873afd1346b8b06e4,7,13,6,0,Blueberry Protocol,0x3aa228a80f50763045bdfc45012da124bd0a6809
event_event_1_Blueberry_Protocol_0x3aa228a8_20250806_104150_labeled.csv,2cb86a2eab582f72,f0464b01d962f714eee9d4392b2494524d0e10ce3eb3723873afd1346b8b06e4,4,10,6,1,Blueberry Protocol,0x3aa228a80f50763045bdfc45012da124bd0a6809
event_event_1_Blueberry_Protocol_0x3aa228a8_20250806_104150_labeled.csv,c7c03bcf05678f09,f0464b01d962f714eee9d4392b2494524d0e10ce3eb3723873afd1346b8b06e4,5,10,5,1,Blueberry Protocol,0x3aa228a80f50763045bdfc45012da124bd0a6809
event_event_1_Blueberry_Protocol_0x3aa228a8_20250806_104150_labeled.csv,ff2244ff48846799,f0464b01d962f714eee9d4392b2494524d0e10ce3eb3723873afd1346b8b06e4,5,10,5,0,Blueberry Protocol,0x3aa228a80f50763045bdfc45012da124bd0a6809
event_event_1_Blueberry_Protocol_0x3aa228a8_20250806_104150_labeled.csv,a9746b00838666bf,f0464b01d962f714eee9d4392b2494524d0e10ce3eb3723873afd1346b8b06e4,5,10,5,0,Blueberry Protocol,0x3aa228a80f50763045bdfc45012da124bd0a6809
event_event_1_Blueberry_Protocol_0x3aa228a8_20250806_104150_labeled.csv,4b104902db06649e,f0464b01d962f714eee9d4392b2494524d0e10ce3eb3723873afd1346b8b06e4,3,6,3,0,Blueberry Protocol,0x3aa228a80f50763045bdfc45012da124bd0a6809
event_event_1_Blueberry_Protocol_0x3aa228a8_20250806_104150_labeled.csv,af03e0513dd3aebd,f0464b01d962f714eee9d4392b2494524d0e10ce3eb3723873afd1346b8b06e4,4,9,5,0,Blueberry Protocol,0x3aa228a80f50763045bdfc45012da124bd0a6809
event_event_1_Blueberry_Protocol_0x3aa228a8_20250806_104150_labeled.csv,cc58063f4bcffac0,f0464b01d962f714eee9d4392b2494524d0e10ce3eb3723873afd1346b8b06e4,3,6,3,1,Blueberry Protocol,0x3aa228a80f50763045bdfc45012da124bd0a6809
event_event_1_Blueberry_Protocol_0x3aa228a8_20250806_104150_labeled.csv,6730fd3b3a86943d,f0464b01d962f714eee9d4392b2494524d0e10ce3eb3723873afd1346b8b06e4,6,11,5,0,Blueberry Protocol,0x3aa228a80f50763045bdfc45012da124bd0a6809
event_event_1_Blueberry_Protocol_0x3aa228a8_20250806_104150_labeled.csv,3566f2573d39b53b,f0464b01d962f714eee9d4392b2494524d0e10ce3eb3723873afd1346b8b06e4,6,11,5,0,Blueberry Protocol,0x3aa228a80f50763045bdfc45012da124bd0a6809
event_event_1_Blueberry_Protocol_0x3aa228a8_20250806_104150_labeled.csv,ef70f7c8e3fb665a,f0464b01d962f714eee9d4392b2494524d0e10ce3eb3723873afd1346b8b06e4,3,7,4,0,Blueberry Protocol,0x3aa228a80f50763045bdfc45012da124bd0a6809
event_event_1_Shezmu_0xa3a64255_20250811_102553_labeled.csv,ecc3f0084dbf46c6,39328ea4377a8887d3f6ce91b2f4c6b19a851e2fc5163e2f83bbc2fc136d0c71,4,9,5,0,Shezmu,0xa3a64255484ad65158af0f9d96b5577f79901a1d
event_event_1_Shezmu_0xa3a64255_20250811_102553_labeled.csv,4eb5d3d94ecb0362,39328ea4377a8887d3f6ce91b2f4c6b19a851e2fc5163e2f83bbc2fc136d0c71,5,10,5,0,Shezmu,0xa3a64255484ad65158af0f9d96b5577f79901a1d
event_event_1_Shezmu_0xa3a64255_20250811_102553_labeled.csv,5b9610ef126d2db6,39328ea4377a8887d3f6ce91b2f4c6b19a851e2fc5163e2f83bbc2fc136d0c71,3,7,4,0,Shezmu,0xa3a64255484ad65158af0f9d96b5577f79901a1d
event_event_1_Shezmu_0xa3a64255_20250811_102553_labeled.csv,c821dd79935fdd69,39328ea4377a8887d3f6ce91b2f4c6b19a851e2fc5163e2f83bbc2fc136d0c71,3,7,4,0,Shezmu,0xa3a64255484ad65158af0f9d96b5577f79901a1d
event_event_1_Shezmu_0xa3a64255_20250811_102553_labeled.csv,779b01895649635c,39328ea4377a8887d3f6ce91b2f4c6b19a851e2fc5163e2f83bbc2fc136d0c71,3,7,4,0,Shezmu,0xa3a64255484ad65158af0f9d96b5577f79901a1d
event_event_1_Shezmu_0xa3a64255_20250811_102553_labeled.csv,695678318c8ede5c,39328ea4377a8887d3f6ce91b2f4c6b19a851e2fc5163e2f83bbc2fc136d0c71,2,4,2,0,Shezmu,0xa3a64255484ad65158af0f9d96b5577f79901a1d
event_event_1_Shezmu_0xa3a64255_20250811_102553_labeled.csv,ad17d4af3b012284,39328ea4377a8887d3f6ce91b2f4c6b19a851e2fc5163e2f83bbc2fc136d0c71,2,4,2,1,Shezmu,0xa3a64255484ad65158af0f9d96b5577f79901a1d
event_event_1_Shezmu_0xa3a64255_20250811_102553_labeled.csv,da9b647bda4e0220,39328ea4377a8887d3f6ce91b2f4c6b19a851e2fc5163e2f83bbc2fc136d0c71,2,5,3,0,Shezmu,0xa3a64255484ad65158af0f9d96b5577f79901a1d
event_event_1_Shezmu_0xa3a64255_20250811_102553_labeled.csv,976624e9b060fa29,39328ea4377a8887d3f6ce91b2f4c6b19a851e2fc5163e2f83bbc2fc136d0c71,3,6,3,0,Shezmu,0xa3a64255484ad65158af0f9d96b5577f79901a1d
event_event_1_Shezmu_0xa3a64255_20250811_102553_labeled.csv,d98e69f5d77d8d2f,39328ea4377a8887d3f6ce91b2f4c6b19a851e2fc5163e2f83bbc2fc136d0c71,2,6,4,0,Shezmu,0xa3a64255484ad65158af0f9d96b5577f79901a1d
event_event_1_Shezmu_0xa3a64255_20250811_102553_labeled.csv,ba8574301c957c46,39328ea4377a8887d3f6ce91b2f4c6b19a851e2fc5163e2f83bbc2fc136d0c71,2,5,3,0,Shezmu,0xa3a64255484ad65158af0f9d96b5577f79901a1d
event_event_1_Shezmu_0xa3a64255_20250811_102553_labeled.csv,0a0957d0bc9a08f0,39328ea4377a8887d3f6ce91b2f4c6b19a851e2fc5163e2f83bbc2fc136d0c71,2,4,2,0,Shezmu,0xa3a64255484ad65158af0f9d96b5577f79901a1d
event_event_2_Barley_Finance_0x356e7481_20250806_104404_labeled.csv,ed27a37d5f27ea18,995e880635f4a7462a420a58527023f946710167ea4c6c093d7d193062a33b01,6,15,9,1,Barley Finance,0x356e7481b957be0165d6751a49b4b7194aef18d5
event_event_2_Barley_Finance_0x356e7481_20250806_104404_labeled.csv,45dc68aa66b5477e,2a50db3dac1b4468d226deb53cb34737669b5f93848ac04d4e296ade06f9876c,5,13,8,1,Barley Finance,0x356e7481b957be0165d6751a49b4b7194aef18d5
event_event_2_Barley_Finance_0x356e7481_20250806_104404_labeled.csv,ce0df117b2d3bd8e,995e880635f4a7462a420a58527023f946710167ea4c6c093d7d193062a33b01,5,13,8,1,Barley Finance,0x356e7481b957be0165d6751a49b4b7194aef18d5
event_event_2_Barley_Finance_0x356e7481_20250806_104404_labeled.csv,c67076a7aadff109,995e880635f4a7462a420a58527023f946710167ea4c6c093d7d193062a33b01,4,10,6,0,Barley Finance,0x356e7481b957be0165d6751a49b4b7194aef18d5
event_event_2_Barley_Finance_0x356e7481_20250806_104404_labeled.csv,6d7ee6d9ff4e88ae,995e880635f4a7462a420a58527023f946710167ea4c6c093d7d193062a33b01,3,7,4,1,Barley Finance,0x356e7481b957be0165d6751a49b4b7194aef18d5
event_event_2_Barley_Finance_0x356e7481_20250806_104404_labeled.csv,c04c4be9026f969b,995e880635f4a7462a420a58527023f946710167ea4c6c093d7d193062a33b01,3,8,5,0,Barley Finance,0x356e7481b957be0165d6751a49b4b7194aef18d5
event_event_2_Barley_Finance_0x356e7481_20250806_104404_labeled.csv,b5e9ddbd0e540ad9,995e880635f4a7462a420a58527023f946710167ea4c6c093d7d193062a33b01,4,10,6,0,Barley Finance,0x356e7481b957be0165d6751a49b4b7194aef18d5
event_event_2_Barley_Finance_0x356e7481_20250806_104404_labeled.csv,33464d3b373f92ea,995e880635f4a7462a420a58527023f946710167ea4c6c093d7d193062a33b01,5,12,7,0,Barley Finance,0x356e7481b957be0165d6751a49b4b7194aef18d5
event_event_2_Barley_Finance_0x356e7481_20250806_104404_labeled.csv,b699ccfc02387cc8,995e880635f4a7462a420a58527023f946710167ea4c6c093d7d193062a33b01,3,7,4,1,Barley Finance,0x356e7481b957be0165d6751a49b4b7194aef18d5
event_event_2_Barley_Finance_0x356e7481_20250806_104404_labeled.csv,e51955b24696dfb8,995e880635f4a7462a420a58527023f946710167ea4c6c093d7d193062a33b01,3,8,5,0,Barley Finance,0x356e7481b957be0165d6751a49b4b7194aef18d5
event_event_2_Barley_Finance_0x356e7481_20250806_104404_labeled.csv,edf2c5e9fc209633,995e880635f4a7462a420a58527023f946710167ea4c6c093d7d193062a33b01,6,15,9,1,Barley Finance,0x356e7481b957be0165d6751a49b4b7194aef18d5
event_event_2_Barley_Finance_0x356e7481_20250806_104404_labeled.csv,f7e71f38b36e9689,995e880635f4a7462a420a58527023f946710167ea4c6c093d7d193062a33b01,4,10,6,0,Barley Finance,0x356e7481b957be0165d6751a49b4b7194aef18d5
event_event_2_Barley_Finance_0x356e7481_20250806_104404_labeled.csv,9a7878918e1bd73b,995e880635f4a7462a420a58527023f946710167ea4c6c093d7d193062a33b01,4,10,6,0,Barley Finance,0x356e7481b957be0165d6751a49b4b7194aef18d5
event_event_2_Barley_Finance_0x356e7481_20250806_104404_labeled.csv,8f28fd17691045b0,995e880635f4a7462a420a58527023f946710167ea4c6c093d7d193062a33b01,4,11,7,0,Barley Finance,0x356e7481b957be0165d6751a49b4b7194aef18d5
event_event_2_Barley_Finance_0x356e7481_20250806_104404_labeled.csv,f1e798731914710e,995e880635f4a7462a420a58527023f946710167ea4c6c093d7d193062a33b01,4,9,5,0,Barley Finance,0x356e7481b957be0165d6751a49b4b7194aef18d5
event_event_2_Barley_Finance_0x356e7481_20250806_104404_labeled.csv,a1c82e0546e7f681,995e880635f4a7462a420a58527023f946710167ea4c6c093d7d193062a33b01,5,12,7,0,Barley Finance,0x356e7481b957be0165d6751a49b4b7194aef18d5
event_event_2_Barley_Finance_0x356e7481_20250806_104404_labeled.csv,c2000080a382667e,2a50db3dac1b4468d226deb53cb34737669b5f93848ac04d4e296ade06f9876c,4,9,5,0,Barley Finance,0x356e7481b957be0165d6751a49b4b7194aef18d5
event_event_2_Barley_Finance_0x356e7481_20250806_104404_labeled.csv,92f83919f89147f7,995e880635f4a7462a420a58527023f946710167ea4c6c093d7d193062a33b01,3,6,3,0,Barley Finance,0x356e7481b957be0165d6751a49b4b7194aef18d5
event_event_2_Barley_Finance_0x356e7481_20250806_104404_labeled.csv,289555f5f06caa01,995e880635f4a7462a420a58527023f946710167ea4c6c093d7d193062a33b01,5,13,8,0,Barley Finance,0x356e7481b957be0165d6751a49b4b7194aef18d5
event_event_2_Barley_Finance_0x356e7481_20250806_104404_labeled.csv,a68be9d8c2c5259b,995e880635f4a7462a420a58527023f946710167ea4c6c093d7d193062a33b01,3,7,4,0,Barley Finance,0x356e7481b957be0165d6751a49b4b7194aef18d5
event_event_2_Barley_Finance_0x356e7481_20250806_104404_labeled.csv,1f8f19f8d8a1cd1b,995e880635f4a7462a420a58527023f946710167ea4c6c093d7d193062a33b01,3,8,5,0,Barley Finance,0x356e7481b957be0165d6751a49b4b7194aef18d5
event_event_2_Barley_Finance_0x356e7481_20250806_104404_labeled.csv,22368af2894c0ba7,995e880635f4a7462a420a58527023f946710167ea4c6c093d7d193062a33b01,4,9,5,0,Barley Finance,0x356e7481b957be0165d6751a49b4b7194aef18d5
event_event_2_Barley_Finance_0x356e7481_20250806_104404_labeled.csv,7f966f999f7bbd7b,995e880635f4a7462a420a58527023f946710167ea4c6c093d7d193062a33b01,4,10,6,0,Barley Finance,0x356e7481b957be0165d6751a49b4b7194aef18d5
event_event_2_Barley_Finance_0x356e7481_20250806_104404_labeled.csv,44bda62b3b5ac2c0,995e880635f4a7462a420a58527023f946710167ea4c6c093d7d193062a33b01,3,7,4,0,Barley Finance,0x356e7481b957be0165d6751a49b4b7194aef18d5
event_event_2_Barley_Finance_0x356e7481_20250806_104404_labeled.csv,363e8e0a9924d3d7,995e880635f4a7462a420a58527023f946710167ea4c6c093d7d193062a33b01,2,4,2,0,Barley Finance,0x356e7481b957be0165d6751a49b4b7194aef18d5
event_event_2_Barley_Finance_0x356e7481_20250806_104404_labeled.csv,f03f4b7e629a8237,995e880635f4a7462a420a58527023f946710167ea4c6c093d7d193062a33b01,3,6,3,0,Barley Finance,0x356e7481b957be0165d6751a49b4b7194aef18d5
event_event_2_Barley_Finance_0x356e7481_20250806_104404_labeled.csv,c1a1166c95d5c50f,995e880635f4a7462a420a58527023f946710167ea4c6c093d7d193062a33b01,5,10,5,0,Barley Finance,0x356e7481b957be0165d6751a49b4b7194aef18d5
event_event_2_Barley_Finance_0x356e7481_20250806_104404_labeled.csv,96e023cfea9309e2,954604de22bc0fe57a132b77b7e9831a138100a5c38dbfd76beab35b754771fa,2,3,1,0,Barley Finance,0x356e7481b957be0165d6751a49b4b7194aef18d5
event_event_2_Barley_Finance_0x356e7481_20250806_104404_labeled.csv,eda7df9988c109d0,954604de22bc0fe57a132b77b7e9831a138100a5c38dbfd76beab35b754771fa,2,3,1,0,Barley Finance,0x356e7481b957be0165d6751a49b4b7194aef18d5
event_event_2_Barley_Finance_0x356e7481_20250806_104404_labeled.csv,30d6f15b4b51e48a,995e880635f4a7462a420a58527023f946710167ea4c6c093d7d193062a33b01,4,8,4,0,Barley Finance,0x356e7481b957be0165d6751a49b4b7194aef18d5
event_event_2_Spectra_0x53635bf7_20250811_104636_labeled.csv,8a522d122d46703f,67b88b1b7a0be21fa82fd047fa1da5eed66dee92a8b89335591aa4bbe31c3f36,9,16,7,0,Spectra,0x53635bf7b92b9512f6de0eb7450b26d5d1ad9a4c
event_event_2_Spectra_0x53635bf7_20250811_104636_labeled.csv,5b4049d97f4c3bfe,7faf7976dcd962d43f6db829ecd7638f84b2c12854180e9884e8c27f37083852,7,13,6,0,Spectra,0x53635bf7b92b9512f6de0eb7450b26d5d1ad9a4c
event_event_2_Spectra_0x53635bf7_20250811_104636_labeled.csv,1b950abbaa048ce0,7faf7976dcd962d43f6db829ecd7638f84b2c12854180e9884e8c27f37083852,6,12,6,0,Spectra,0x53635bf7b92b9512f6de0eb7450b26d5d1ad9a4c
event_event_2_Spectra_0x53635bf7_20250811_104636_labeled.csv,cf8173024a81239a,7faf7976dcd962d43f6db829ecd7638f84b2c12854180e9884e8c27f37083852,7,12,5,0,Spectra,0x53635bf7b92b9512f6de0eb7450b26d5d1ad9a4c
event_event_2_Spectra_0x53635bf7_20250811_104636_labeled.csv,6ee3181954a4a2e9,7faf7976dcd962d43f6db829ecd7638f84b2c12854180e9884e8c27f37083852,7,14,7,0,Spectra,0x53635bf7b92b9512f6de0eb7450b26d5d1ad9a4c
event_event_2_Spectra_0x53635bf7_20250811_104636_labeled.csv,466f690f227e88e9,7faf7976dcd962d43f6db829ecd7638f84b2c12854180e9884e8c27f37083852,6,11,5,0,Spectra,0x53635bf7b92b9512f6de0eb7450b26d5d1ad9a4c
event_event_2_Spectra_0x53635bf7_20250811_104636_labeled.csv,d8ef89ad6beb6402,7faf7976dcd962d43f6db829ecd7638f84b2c12854180e9884e8c27f37083852,7,13,6,0,Spectra,0x53635bf7b92b9512f6de0eb7450b26d5d1ad9a4c
event_event_2_Spectra_0x53635bf7_20250811_104636_labeled.csv,e4a18cf91f7979fa,7faf7976dcd962d43f6db829ecd7638f84b2c12854180e9884e8c27f37083852,6,13,7,0,Spectra,0x53635bf7b92b9512f6de0eb7450b26d5d1ad9a4c
event_event_2_Spectra_0x53635bf7_20250811_104636_labeled.csv,4e342c2ef057727a,7faf7976dcd962d43f6db829ecd7638f84b2c12854180e9884e8c27f37083852,6,11,5,0,Spectra,0x53635bf7b92b9512f6de0eb7450b26d5d1ad9a4c
event_event_2_Spectra_0x53635bf7_20250811_104636_labeled.csv,593bb50ce3e98db6,7faf7976dcd962d43f6db829ecd7638f84b2c12854180e9884e8c27f37083852,6,12,6,0,Spectra,0x53635bf7b92b9512f6de0eb7450b26d5d1ad9a4c
event_event_2_Spectra_0x53635bf7_20250811_104636_labeled.csv,4f189e97458cd10f,7faf7976dcd962d43f6db829ecd7638f84b2c12854180e9884e8c27f37083852,7,12,5,0,Spectra,0x53635bf7b92b9512f6de0eb7450b26d5d1ad9a4c
event_event_2_Spectra_0x53635bf7_20250811_104636_labeled.csv,41c4686812650198,7faf7976dcd962d43f6db829ecd7638f84b2c12854180e9884e8c27f37083852,6,12,6,0,Spectra,0x53635bf7b92b9512f6de0eb7450b26d5d1ad9a4c
event_event_2_Spectra_0x53635bf7_20250811_104636_labeled.csv,213b586c06d56786,67b88b1b7a0be21fa82fd047fa1da5eed66dee92a8b89335591aa4bbe31c3f36,6,13,7,0,Spectra,0x53635bf7b92b9512f6de0eb7450b26d5d1ad9a4c
event_event_2_Spectra_0x53635bf7_20250811_104636_labeled.csv,c57f17c047871cd1,7faf7976dcd962d43f6db829ecd7638f84b2c12854180e9884e8c27f37083852,6,11,5,0,Spectra,0x53635bf7b92b9512f6de0eb7450b26d5d1ad9a4c
event_event_2_Spectra_0x53635bf7_20250811_104636_labeled.csv,e5e9fc38f2a1a19c,7faf7976dcd962d43f6db829ecd7638f84b2c12854180e9884e8c27f37083852,6,12,6,0,Spectra,0x53635bf7b92b9512f6de0eb7450b26d5d1ad9a4c
event_event_2_Spectra_0x53635bf7_20250811_104636_labeled.csv,3cdadf3d9c6c83b5,67b88b1b7a0be21fa82fd047fa1da5eed66dee92a8b89335591aa4bbe31c3f36,5,10,5,0,Spectra,0x53635bf7b92b9512f6de0eb7450b26d5d1ad9a4c
event_event_2_Spectra_0x53635bf7_20250811_104636_labeled.csv,9a9b28d50251bf9b,7faf7976dcd962d43f6db829ecd7638f84b2c12854180e9884e8c27f37083852,7,13,6,0,Spectra,0x53635bf7b92b9512f6de0eb7450b26d5d1ad9a4c
event_event_2_Spectra_0x53635bf7_20250811_104636_labeled.csv,690882b6677ee46b,7faf7976dcd962d43f6db829ecd7638f84b2c12854180e9884e8c27f37083852,5,12,7,0,Spectra,0x53635bf7b92b9512f6de0eb7450b26d5d1ad9a4c
event_event_2_Spectra_0x53635bf7_20250811_104636_labeled.csv,c7fb5f06b8ac64de,7faf7976dcd962d43f6db829ecd7638f84b2c12854180e9884e8c27f37083852,5,10,5,0,Spectra,0x53635bf7b92b9512f6de0eb7450b26d5d1ad9a4c
event_event_2_Spectra_0x53635bf7_20250811_104636_labeled.csv,1e5d48e5b2d02d4c,7faf7976dcd962d43f6db829ecd7638f84b2c12854180e9884e8c27f37083852,5,11,6,0,Spectra,0x53635bf7b92b9512f6de0eb7450b26d5d1ad9a4c
event_event_2_Spectra_0x53635bf7_20250811_104636_labeled.csv,ae84ecf94f25147f,830e0af6970ddaec392c5b42a19da6ad2554f129aa05e612ec3b2d02a43a0721,5,9,4,0,Spectra,0x53635bf7b92b9512f6de0eb7450b26d5d1ad9a4c
event_event_2_Spectra_0x53635bf7_20250811_104636_labeled.csv,ae36cc4d55a47ef2,86b382d3d48e45bad67d549429cd22dc63a9e6c4dd97a0f9887bac6ae51670f2,5,12,7,1,Spectra,0x53635bf7b92b9512f6de0eb7450b26d5d1ad9a4c
event_event_2_Spectra_0x53635bf7_20250811_104636_labeled.csv,3806e8f59580b7b7,86b382d3d48e45bad67d549429cd22dc63a9e6c4dd97a0f9887bac6ae51670f2,5,11,6,0,Spectra,0x53635bf7b92b9512f6de0eb7450b26d5d1ad9a4c
event_event_2_Spectra_0x53635bf7_20250811_104636_labeled.csv,c6fd0228d08e263b,86b382d3d48e45bad67d549429cd22dc63a9e6c4dd97a0f9887bac6ae51670f2,4,9,5,0,Spectra,0x53635bf7b92b9512f6de0eb7450b26d5d1ad9a4c
event_event_2_Spectra_0x53635bf7_20250811_104636_labeled.csv,7d8f2fcdd564f28b,67b88b1b7a0be21fa82fd047fa1da5eed66dee92a8b89335591aa4bbe31c3f36,5,10,5,0,Spectra,0x53635bf7b92b9512f6de0eb7450b26d5d1ad9a4c
event_event_2_Spectra_0x53635bf7_20250811_104636_labeled.csv,04224e360cb7cf61,7faf7976dcd962d43f6db829ecd7638f84b2c12854180e9884e8c27f37083852,6,11,5,0,Spectra,0x53635bf7b92b9512f6de0eb7450b26d5d1ad9a4c
event_event_2_Spectra_0x53635bf7_20250811_104636_labeled.csv,738bf21f227d7a12,7faf7976dcd962d43f6db829ecd7638f84b2c12854180e9884e8c27f37083852,4,10,6,0,Spectra,0x53635bf7b92b9512f6de0eb7450b26d5d1ad9a4c
event_event_2_Spectra_0x53635bf7_20250811_104636_labeled.csv,a87f227d09d29dd8,7faf7976dcd962d43f6db829ecd7638f84b2c12854180e9884e8c27f37083852,3,8,5,0,Spectra,0x53635bf7b92b9512f6de0eb7450b26d5d1ad9a4c
event_event_2_Spectra_0x53635bf7_20250811_104636_labeled.csv,1da00f36dfaa38b2,7faf7976dcd962d43f6db829ecd7638f84b2c12854180e9884e8c27f37083852,3,8,5,0,Spectra,0x53635bf7b92b9512f6de0eb7450b26d5d1ad9a4c
event_event_2_Spectra_0x53635bf7_20250811_104636_labeled.csv,57a20f17e6274604,7faf7976dcd962d43f6db829ecd7638f84b2c12854180e9884e8c27f37083852,3,8,5,0,Spectra,0x53635bf7b92b9512f6de0eb7450b26d5d1ad9a4c
event_event_3_Vestra_DAO_0x954386cb_20250811_154020_labeled.csv,21c8d458c5a766eb,a0dcf9b177702c58c5d0353aff2caeab12589bce204fb2d0e62ccbf5717f1798,4,6,2,1,Vestra DAO,0x954386cb43dd2f0f637710a10f6b2d0f86aacb97
event_event_3_Vestra_DAO_0x954386cb_20250811_154020_labeled.csv,d57c89ffeae003e5,a0dcf9b177702c58c5d0353aff2caeab12589bce204fb2d0e62ccbf5717f1798,5,8,3,1,Vestra DAO,0x954386cb43dd2f0f637710a10f6b2d0f86aacb97
event_event_3_Vestra_DAO_0x954386cb_20250811_154020_labeled.csv,28d3d698bdc4bb00,213991ca681019f599f8f52a25ab6a5e39e690eac2ad206faf24f0c549e844c7,4,7,3,0,Vestra DAO,0x954386cb43dd2f0f637710a10f6b2d0f86aacb97
event_event_3_Vestra_DAO_0x954386cb_20250811_154020_labeled.csv,36d4f6b2bcc95b11,213991ca681019f599f8f52a25ab6a5e39e690eac2ad206faf24f0c549e844c7,4,7,3,0,Vestra DAO,0x954386cb43dd2f0f637710a10f6b2d0f86aacb97
event_event_3_Vestra_DAO_0x954386cb_20250811_154020_labeled.csv,37fc58da36a5cdf2,a0dcf9b177702c58c5d0353aff2caeab12589bce204fb2d0e62ccbf5717f1798,6,11,5,0,Vestra DAO,0x954386cb43dd2f0f637710a10f6b2d0f86aacb97
event_event_3_Vestra_DAO_0x954386cb_20250811_154020_labeled.csv,ee1cb95ab8b51981,a0dcf9b177702c58c5d0353aff2caeab12589bce204fb2d0e62ccbf5717f1798,2,5,3,1,Vestra DAO,0x954386cb43dd2f0f637710a10f6b2d0f86aacb97
event_event_3_Vestra_DAO_0x954386cb_20250811_154020_labeled.csv,9ac4f12b23acb260,213991ca681019f599f8f52a25ab6a5e39e690eac2ad206faf24f0c549e844c7,3,6,3,0,Vestra DAO,0x954386cb43dd2f0f637710a10f6b2d0f86aacb97
event_event_3_Vestra_DAO_0x954386cb_20250811_154020_labeled.csv,618088bbd4fcad93,213991ca681019f599f8f52a25ab6a5e39e690eac2ad206faf24f0c549e844c7,3,6,3,0,Vestra DAO,0x954386cb43dd2f0f637710a10f6b2d0f86aacb97
event_event_3_Vestra_DAO_0x954386cb_20250811_154020_labeled.csv,6fffc494f44c2b89,213991ca681019f599f8f52a25ab6a5e39e690eac2ad206faf24f0c549e844c7,2,5,3,0,Vestra DAO,0x954386cb43dd2f0f637710a10f6b2d0f86aacb97
event_event_3_Vestra_DAO_0x954386cb_20250811_154020_labeled.csv,7c4c8f989672e6c0,213991ca681019f599f8f52a25ab6a5e39e690eac2ad206faf24f0c549e844c7,3,6,3,0,Vestra DAO,0x954386cb43dd2f0f637710a10f6b2d0f86aacb97
event_event_3_Vestra_DAO_0x954386cb_20250811_154020_labeled.csv,2e51686f35aead54,a0dcf9b177702c58c5d0353aff2caeab12589bce204fb2d0e62ccbf5717f1798,4,7,3,0,Vestra DAO,0x954386cb43dd2f0f637710a10f6b2d0f86aacb97
event_event_3_Vestra_DAO_0x954386cb_20250811_154020_labeled.csv,d0be5e149fbe7508,213991ca681019f599f8f52a25ab6a5e39e690eac2ad206faf24f0c549e844c7,4,8,4,0,Vestra DAO,0x954386cb43dd2f0f637710a10f6b2d0f86aacb97
event_event_3_Vestra_DAO_0x954386cb_20250811_154020_labeled.csv,b0c57f29e800d718,a0dcf9b177702c58c5d0353aff2caeab12589bce204fb2d0e62ccbf5717f1798,4,8,4,0,Vestra DAO,0x954386cb43dd2f0f637710a10f6b2d0f86aacb97
event_event_3_Vestra_DAO_0x954386cb_20250811_154020_labeled.csv,f14be8c36c039d5f,213991ca681019f599f8f52a25ab6a5e39e690eac2ad206faf24f0c549e844c7,3,6,3,0,Vestra DAO,0x954386cb43dd2f0f637710a10f6b2d0f86aacb97
event_event_3_Vestra_DAO_0x954386cb_20250811_154020_labeled.csv,8d4a4f12e51a0b2e,a0dcf9b177702c58c5d0353aff2caeab12589bce204fb2d0e62ccbf5717f1798,4,8,4,0,Vestra DAO,0x954386cb43dd2f0f637710a10f6b2d0f86aacb97
event_event_3_Vestra_DAO_0x954386cb_20250811_154020_labeled.csv,0485e0d0dc5c7f5b,a0dcf9b177702c58c5d0353aff2caeab12589bce204fb2d0e62ccbf5717f1798,3,6,3,0,Vestra DAO,0x954386cb43dd2f0f637710a10f6b2d0f86aacb97
event_event_3_Vestra_DAO_0x954386cb_20250811_154020_labeled.csv,596bd986ded42f35,a0dcf9b177702c58c5d0353aff2caeab12589bce204fb2d0e62ccbf5717f1798,2,5,3,0,Vestra DAO,0x954386cb43dd2f0f637710a10f6b2d0f86aacb97
event_event_3_Vestra_DAO_0x954386cb_20250811_154020_labeled.csv,09502df2655d0414,213991ca681019f599f8f52a25ab6a5e39e690eac2ad206faf24f0c549e844c7,2,4,2,0,Vestra DAO,0x954386cb43dd2f0f637710a10f6b2d0f86aacb97
event_event_3_Vestra_DAO_0x954386cb_20250811_154020_labeled.csv,012cd6ecc5ad40f9,a0dcf9b177702c58c5d0353aff2caeab12589bce204fb2d0e62ccbf5717f1798,2,4,2,0,Vestra DAO,0x954386cb43dd2f0f637710a10f6b2d0f86aacb97
event_event_4_Prisma_Finance_0x7e39e3b3_20250811_164442_labeled.csv,46155bec6ca8c3cd,00c503b595946bccaea3d58025b5f9b3726177bbdc9674e634244135282116c7,6,11,5,1,Prisma Finance,0x7e39e3b3ff7adef2613d5cc49558eab74b9a4202
event_event_4_Prisma_Finance_0x7e39e3b3_20250811_164442_labeled.csv,dee661893b1450b4,00c503b595946bccaea3d58025b5f9b3726177bbdc9674e634244135282116c7,6,10,4,1,Prisma Finance,0x7e39e3b3ff7adef2613d5cc49558eab74b9a4202
event_event_4_Prisma_Finance_0x7e39e3b3_20250811_164442_labeled.csv,4d6f0429cd7dba94,00c503b595946bccaea3d58025b5f9b3726177bbdc9674e634244135282116c7,6,16,10,0,Prisma Finance,0x7e39e3b3ff7adef2613d5cc49558eab74b9a4202
event_event_4_Prisma_Finance_0x7e39e3b3_20250811_164442_labeled.csv,78b2f0eb919fbef4,00c503b595946bccaea3d58025b5f9b3726177bbdc9674e634244135282116c7,6,15,9,0,Prisma Finance,0x7e39e3b3ff7adef2613d5cc49558eab74b9a4202
event_event_4_Prisma_Finance_0x7e39e3b3_20250811_164442_labeled.csv,b1d6c3bd8a8ecb16,00c503b595946bccaea3d58025b5f9b3726177bbdc9674e634244135282116c7,6,10,4,1,Prisma Finance,0x7e39e3b3ff7adef2613d5cc49558eab74b9a4202
event_event_4_Prisma_Finance_0x7e39e3b3_20250811_164442_labeled.csv,42c8da164158b976,00c503b595946bccaea3d58025b5f9b3726177bbdc9674e634244135282116c7,6,15,9,0,Prisma Finance,0x7e39e3b3ff7adef2613d5cc49558eab74b9a4202
event_event_4_Prisma_Finance_0x7e39e3b3_20250811_164442_labeled.csv,c20b87222c2ebeaa,00c503b595946bccaea3d58025b5f9b3726177bbdc9674e634244135282116c7,5,13,8,0,Prisma Finance,0x7e39e3b3ff7adef2613d5cc49558eab74b9a4202
event_event_4_Prisma_Finance_0x7e39e3b3_20250811_164442_labeled.csv,4d345d0743134949,7c58e683b2c8fdc1780e3a730d99d00fd7ebeb331e19fa3870ff2481c83dc048,9,16,7,0,Prisma Finance,0x7e39e3b3ff7adef2613d5cc49558eab74b9a4202
event_event_4_Prisma_Finance_0x7e39e3b3_20250811_164442_labeled.csv,6c88f6d609e24e93,7c58e683b2c8fdc1780e3a730d99d00fd7ebeb331e19fa3870ff2481c83dc048,6,13,7,0,Prisma Finance,0x7e39e3b3ff7adef2613d5cc49558eab74b9a4202
event_event_4_Prisma_Finance_0x7e39e3b3_20250811_164442_labeled.csv,eaa65acde68ffac8,00c503b595946bccaea3d58025b5f9b3726177bbdc9674e634244135282116c7,5,10,5,0,Prisma Finance,0x7e39e3b3ff7adef2613d5cc49558eab74b9a4202
event_event_4_Prisma_Finance_0x7e39e3b3_20250811_164442_labeled.csv,09c426107dc0c7df,00c503b595946bccaea3d58025b5f9b3726177bbdc9674e634244135282116c7,4,10,6,0,Prisma Finance,0x7e39e3b3ff7adef2613d5cc49558eab74b9a4202
event_event_4_Prisma_Finance_0x7e39e3b3_20250811_164442_labeled.csv,c7aad494ec2deb33,00c503b595946bccaea3d58025b5f9b3726177bbdc9674e634244135282116c7,4,10,6,0,Prisma Finance,0x7e39e3b3ff7adef2613d5cc49558eab74b9a4202
event_event_4_Prisma_Finance_0x7e39e3b3_20250811_164442_labeled.csv,40679db0cf08e1aa,6832181c0c3a9b217314abe82d0653c5944c7a79324de4706d2a2fc6ef93e849,4,9,5,0,Prisma Finance,0x7e39e3b3ff7adef2613d5cc49558eab74b9a4202
event_event_4_Prisma_Finance_0x7e39e3b3_20250811_164442_labeled.csv,01c853e947e8b3a4,22bc2a7e2f5087296fa0da9bc2c8f11073e76045443c0c94aff88fb00b4a6fc8,3,5,2,0,Prisma Finance,0x7e39e3b3ff7adef2613d5cc49558eab74b9a4202
event_event_4_Prisma_Finance_0x7e39e3b3_20250811_164442_labeled.csv,2a3cb9afae98fc01,f9a1333aa8b6375f7ff1c32c67877a72f8106b7fd418d4c6e7ff28cb49a5d8f1,6,11,5,0,Prisma Finance,0x7e39e3b3ff7adef2613d5cc49558eab74b9a4202
event_event_4_Prisma_Finance_0x7e39e3b3_20250811_164442_labeled.csv,7aa14e318463d818,7c58e683b2c8fdc1780e3a730d99d00fd7ebeb331e19fa3870ff2481c83dc048,5,11,6,0,Prisma Finance,0x7e39e3b3ff7adef2613d5cc49558eab74b9a4202
event_event_4_Prisma_Finance_0x7e39e3b3_20250811_164442_labeled.csv,69283bb43be8c706,00c503b595946bccaea3d58025b5f9b3726177bbdc9674e634244135282116c7,3,8,5,0,Prisma Finance,0x7e39e3b3ff7adef2613d5cc49558eab74b9a4202
event_event_4_Prisma_Finance_0x7e39e3b3_20250811_164442_labeled.csv,666acce7a3138b1e,00c503b595946bccaea3d58025b5f9b3726177bbdc9674e634244135282116c7,3,7,4,0,Prisma Finance,0x7e39e3b3ff7adef2613d5cc49558eab74b9a4202
event_event_4_Prisma_Finance_0x7e39e3b3_20250811_164442_labeled.csv,43ee54f69723c420,f9a1333aa8b6375f7ff1c32c67877a72f8106b7fd418d4c6e7ff28cb49a5d8f1,4,9,5,0,Prisma Finance,0x7e39e3b3ff7adef2613d5cc49558eab74b9a4202
event_event_4_Prisma_Finance_0x7e39e3b3_20250811_164442_labeled.csv,09655d1e8a35b668,f9a1333aa8b6375f7ff1c32c67877a72f8106b7fd418d4c6e7ff28cb49a5d8f1,4,9,5,0,Prisma Finance,0x7e39e3b3ff7adef2613d5cc49558eab74b9a4202
event_event_4_Prisma_Finance_0x7e39e3b3_20250811_164442_labeled.csv,5b437b4fd0b1d1c3,f9a1333aa8b6375f7ff1c32c67877a72f8106b7fd418d4c6e7ff28cb49a5d8f1,4,8,4,0,Prisma Finance,0x7e39e3b3ff7adef2613d5cc49558eab74b9a4202
event_event_4_Prisma_Finance_0x7e39e3b3_20250811_164442_labeled.csv,f38509a4f05f82db,00c503b595946bccaea3d58025b5f9b3726177bbdc9674e634244135282116c7,4,9,5,0,Prisma Finance,0x7e39e3b3ff7adef2613d5cc49558eab74b9a4202
event_event_4_Prisma_Finance_0x7e39e3b3_20250811_164442_labeled.csv,3ac0b5497fd890ca,f9a1333aa8b6375f7ff1c32c67877a72f8106b7fd418d4c6e7ff28cb49a5d8f1,4,9,5,0,Prisma Finance,0x7e39e3b3ff7adef2613d5cc49558eab74b9a4202
event_event_4_Prisma_Finance_0x7e39e3b3_20250811_164442_labeled.csv,bf62d4094c07d49e,f9a1333aa8b6375f7ff1c32c67877a72f8106b7fd418d4c6e7ff28cb49a5d8f1,4,8,4,0,Prisma Finance,0x7e39e3b3ff7adef2613d5cc49558eab74b9a4202
event_event_4_Prisma_Finance_0x7e39e3b3_20250811_164442_labeled.csv,b6c05d8301fa3cda,6832181c0c3a9b217314abe82d0653c5944c7a79324de4706d2a2fc6ef93e849,4,9,5,0,Prisma Finance,0x7e39e3b3ff7adef2613d5cc49558eab74b9a4202
event_event_4_Prisma_Finance_0x7e39e3b3_20250811_164442_labeled.csv,ae334cda50744108,6832181c0c3a9b217314abe82d0653c5944c7a79324de4706d2a2fc6ef93e849,7,13,6,0,Prisma Finance,0x7e39e3b3ff7adef2613d5cc49558eab74b9a4202
event_event_4_Prisma_Finance_0x7e39e3b3_20250811_164442_labeled.csv,13cbcc590cf8d2b6,8c4eb9a7bcb50a27f6c8f8bc6f1a433f704d755994305a6856154cf885ec9b57,3,9,6,0,Prisma Finance,0x7e39e3b3ff7adef2613d5cc49558eab74b9a4202
event_event_4_Prisma_Finance_0x7e39e3b3_20250811_164442_labeled.csv,920225ac66201e4b,6832181c0c3a9b217314abe82d0653c5944c7a79324de4706d2a2fc6ef93e849,5,11,6,0,Prisma Finance,0x7e39e3b3ff7adef2613d5cc49558eab74b9a4202
event_event_4_Prisma_Finance_0x7e39e3b3_20250811_164442_labeled.csv,e7fd841693fa0596,00c503b595946bccaea3d58025b5f9b3726177bbdc9674e634244135282116c7,4,9,5,0,Prisma Finance,0x7e39e3b3ff7adef2613d5cc49558eab74b9a4202
event_event_4_Prisma_Finance_0x7e39e3b3_20250811_164442_labeled.csv,eeb87cc1e0361994,00c503b595946bccaea3d58025b5f9b3726177bbdc9674e634244135282116c7,4,9,5,0,Prisma Finance,0x7e39e3b3ff7adef2613d5cc49558eab74b9a4202
event_event_4_Wise_Lending_0xb90cf1d7_20250806_105402_labeled.csv,87c202a51f472317,04e16a79ff928db2fa88619cdd045cdfc7979a61d836c9c9e585b3d6f6d8bc31,7,17,10,0,Wise Lending,0xb90cf1d740b206b6d80854bc525e609dc42b45dc
event_event_4_Wise_Lending_0xb90cf1d7_20250806_105402_labeled.csv,bc33e0618b8a557d,04e16a79ff928db2fa88619cdd045cdfc7979a61d836c9c9e585b3d6f6d8bc31,7,17,10,0,Wise Lending,0xb90cf1d740b206b6d80854bc525e609dc42b45dc
event_event_4_Wise_Lending_0xb90cf1d7_20250806_105402_labeled.csv,042107827632c4d7,04e16a79ff928db2fa88619cdd045cdfc7979a61d836c9c9e585b3d6f6d8bc31,7,17,10,0,Wise Lending,0xb90cf1d740b206b6d80854bc525e609dc42b45dc
event_event_4_Wise_Lending_0xb90cf1d7_20250806_105402_labeled.csv,9b09a26d22bf7326,04e16a79ff928db2fa88619cdd045cdfc7979a61d836c9c9e585b3d6f6d8bc31,7,17,10,0,Wise Lending,0xb90cf1d740b206b6d80854bc525e609dc42b45dc
event_event_4_Wise_Lending_0xb90cf1d7_20250806_105402_labeled.csv,054e47ed099dc7a8,67d6c554314c9b306d683afb3bc4a10e70509ceb0fdf8415a5e270a91fae52de,4,11,7,0,Wise Lending,0xb90cf1d740b206b6d80854bc525e609dc42b45dc
event_event_4_Wise_Lending_0xb90cf1d7_20250806_105402_labeled.csv,f0905bc650d79089,67d6c554314c9b306d683afb3bc4a10e70509ceb0fdf8415a5e270a91fae52de,5,9,4,0,Wise Lending,0xb90cf1d740b206b6d80854bc525e609dc42b45dc
event_event_4_Wise_Lending_0xb90cf1d7_20250806_105402_labeled.csv,5f6df294da70dd2d,67d6c554314c9b306d683afb3bc4a10e70509ceb0fdf8415a5e270a91fae52de,5,9,4,0,Wise Lending,0xb90cf1d740b206b6d80854bc525e609dc42b45dc
event_event_4_Wise_Lending_0xb90cf1d7_20250806_105402_labeled.csv,1e0d4e65adb0c7f7,04e16a79ff928db2fa88619cdd045cdfc7979a61d836c9c9e585b3d6f6d8bc31,6,14,8,0,Wise Lending,0xb90cf1d740b206b6d80854bc525e609dc42b45dc
event_event_4_Wise_Lending_0xb90cf1d7_20250806_105402_labeled.csv,b6fe8d0ab3af84ab,04e16a79ff928db2fa88619cdd045cdfc7979a61d836c9c9e585b3d6f6d8bc31,5,9,4,0,Wise Lending,0xb90cf1d740b206b6d80854bc525e609dc42b45dc
event_event_4_Wise_Lending_0xb90cf1d7_20250806_105402_labeled.csv,80162bcf7a48f1b8,04e16a79ff928db2fa88619cdd045cdfc7979a61d836c9c9e585b3d6f6d8bc31,5,9,4,0,Wise Lending,0xb90cf1d740b206b6d80854bc525e609dc42b45dc
event_event_4_Wise_Lending_0xb90cf1d7_20250806_105402_labeled.csv,88eaf64637a552db,04e16a79ff928db2fa88619cdd045cdfc7979a61d836c9c9e585b3d6f6d8bc31,7,11,4,0,Wise Lending,0xb90cf1d740b206b6d80854bc525e609dc42b45dc
event_event_4_Wise_Lending_0xb90cf1d7_20250806_105402_labeled.csv,557e07f715f2e88c,04e16a79ff928db2fa88619cdd045cdfc7979a61d836c9c9e585b3d6f6d8bc31,6,14,8,0,Wise Lending,0xb90cf1d740b206b6d80854bc525e609dc42b45dc
event_event_4_Wise_Lending_0xb90cf1d7_20250806_105402_labeled.csv,394bec281cf560f4,67d6c554314c9b306d683afb3bc4a10e70509ceb0fdf8415a5e270a91fae52de,4,10,6,0,Wise Lending,0xb90cf1d740b206b6d80854bc525e609dc42b45dc
event_event_4_Wise_Lending_0xb90cf1d7_20250806_105402_labeled.csv,6293487f1528b94e,04e16a79ff928db2fa88619cdd045cdfc7979a61d836c9c9e585b3d6f6d8bc31,4,8,4,0,Wise Lending,0xb90cf1d740b206b6d80854bc525e609dc42b45dc
event_event_4_Wise_Lending_0xb90cf1d7_20250806_105402_labeled.csv,7962fb88e2707e03,04e16a79ff928db2fa88619cdd045cdfc7979a61d836c9c9e585b3d6f6d8bc31,4,10,6,0,Wise Lending,0xb90cf1d740b206b6d80854bc525e609dc42b45dc
event_event_4_Wise_Lending_0xb90cf1d7_20250806_105402_labeled.csv,95762282964dd7f3,04e16a79ff928db2fa88619cdd045cdfc7979a61d836c9c9e585b3d6f6d8bc31,8,15,7,0,Wise Lending,0xb90cf1d740b206b6d80854bc525e609dc42b45dc
event_event_4_Wise_Lending_0xb90cf1d7_20250806_105402_labeled.csv,dbc6a782ff4d2814,04e16a79ff928db2fa88619cdd045cdfc7979a61d836c9c9e585b3d6f6d8bc31,8,15,7,0,Wise Lending,0xb90cf1d740b206b6d80854bc525e609dc42b45dc
event_event_4_Wise_Lending_0xb90cf1d7_20250806_105402_labeled.csv,623b5c6f53f9f2bf,04e16a79ff928db2fa88619cdd045cdfc7979a61d836c9c9e585b3d6f6d8bc31,5,9,4,0,Wise Lending,0xb90cf1d740b206b6d80854bc525e609dc42b45dc
event_event_4_Wise_Lending_0xb90cf1d7_20250806_105402_labeled.csv,6c2f06a00a55a717,04e16a79ff928db2fa88619cdd045cdfc7979a61d836c9c9e585b3d6f6d8bc31,4,7,3,0,Wise Lending,0xb90cf1d740b206b6d80854bc525e609dc42b45dc
event_event_4_Wise_Lending_0xb90cf1d7_20250806_105402_labeled.csv,c7d00dbc225d339f,04e16a79ff928db2fa88619cdd045cdfc7979a61d836c9c9e585b3d6f6d8bc31,4,8,4,0,Wise Lending,0xb90cf1d740b206b6d80854bc525e609dc42b45dc
event_event_4_Wise_Lending_0xb90cf1d7_20250806_105402_labeled.csv,41143c490f1b5db6,67d6c554314c9b306d683afb3bc4a10e70509ceb0fdf8415a5e270a91fae52de,4,10,6,0,Wise Lending,0xb90cf1d740b206b6d80854bc525e609dc42b45dc
event_event_4_Wise_Lending_0xb90cf1d7_20250806_105402_labeled.csv,7b2ff5e72513798c,04e16a79ff928db2fa88619cdd045cdfc7979a61d836c9c9e585b3d6f6d8bc31,5,10,5,0,Wise Lending,0xb90cf1d740b206b6d80854bc525e609dc42b45dc
event_event_4_Wise_Lending_0xb90cf1d7_20250806_105402_labeled.csv,952b595178ca6f30,04e16a79ff928db2fa88619cdd045cdfc7979a61d836c9c9e585b3d6f6d8bc31,4,10,6,1,Wise Lending,0xb90cf1d740b206b6d80854bc525e609dc42b45dc
event_event_4_Wise_Lending_0xb90cf1d7_20250806_105402_labeled.csv,5785da7efb77fefa,04e16a79ff928db2fa88619cdd045cdfc7979a61d836c9c9e585b3d6f6d8bc31,4,9,5,0,Wise Lending,0xb90cf1d740b206b6d80854bc525e609dc42b45dc
event_event_4_Wise_Lending_0xb90cf1d7_20250806_105402_labeled.csv,3a886294db5d61ab,67d6c554314c9b306d683afb3bc4a10e70509ceb0fdf8415a5e270a91fae52de,4,9,5,0,Wise Lending,0xb90cf1d740b206b6d80854bc525e609dc42b45dc
event_event_4_Wise_Lending_0xb90cf1d7_20250806_105402_labeled.csv,1963c24be9c7c7ac,04e16a79ff928db2fa88619cdd045cdfc7979a61d836c9c9e585b3d6f6d8bc31,4,9,5,0,Wise Lending,0xb90cf1d740b206b6d80854bc525e609dc42b45dc
event_event_4_Wise_Lending_0xb90cf1d7_20250806_105402_labeled.csv,5b692346da07490a,67d6c554314c9b306d683afb3bc4a10e70509ceb0fdf8415a5e270a91fae52de,3,8,5,0,Wise Lending,0xb90cf1d740b206b6d80854bc525e609dc42b45dc
event_event_4_Wise_Lending_0xb90cf1d7_20250806_105402_labeled.csv,fc89c20fffd816d1,67d6c554314c9b306d683afb3bc4a10e70509ceb0fdf8415a5e270a91fae52de,3,8,5,0,Wise Lending,0xb90cf1d740b206b6d80854bc525e609dc42b45dc
event_event_4_Wise_Lending_0xb90cf1d7_20250806_105402_labeled.csv,8684fe3ac8dc8e52,67d6c554314c9b306d683afb3bc4a10e70509ceb0fdf8415a5e270a91fae52de,3,7,4,0,Wise Lending,0xb90cf1d740b206b6d80854bc525e609dc42b45dc
event_event_4_Wise_Lending_0xb90cf1d7_20250806_105402_labeled.csv,bb73974a6e331ea7,67d6c554314c9b306d683afb3bc4a10e70509ceb0fdf8415a5e270a91fae52de,3,7,4,0,Wise Lending,0xb90cf1d740b206b6d80854bc525e609dc42b45dc
event_event_5_UniLend_0x55f5f805_20250806_105536_labeled.csv,c4434100ec9a27ef,b8ea8725dcdfd91006558bf846d636baa2365de52a8b293ca62f4a1b111072df,3,8,5,0,UniLend,0x55f5f8058816d5376df310770ca3a2e294089c33
event_event_5_UniLend_0x55f5f805_20250806_105536_labeled.csv,effe09b971f193d2,b8ea8725dcdfd91006558bf846d636baa2365de52a8b293ca62f4a1b111072df,4,8,4,0,UniLend,0x55f5f8058816d5376df310770ca3a2e294089c33
event_event_5_UniLend_0x55f5f805_20250806_105536_labeled.csv,4b9fee903dd5629e,b8ea8725dcdfd91006558bf846d636baa2365de52a8b293ca62f4a1b111072df,5,10,5,0,UniLend,0x55f5f8058816d5376df310770ca3a2e294089c33
event_event_5_UniLend_0x55f5f805_20250806_105536_labeled.csv,0e96e22e9fef5c81,44037ffc0993327176975e08789b71c1058318f48ddeff25890a577d6555b6ba,5,11,6,1,UniLend,0x55f5f8058816d5376df310770ca3a2e294089c33
event_event_5_UniLend_0x55f5f805_20250806_105536_labeled.csv,d9e5e37d9afdce0f,b8ea8725dcdfd91006558bf846d636baa2365de52a8b293ca62f4a1b111072df,5,9,4,0,UniLend,0x55f5f8058816d5376df310770ca3a2e294089c33
event_event_5_UniLend_0x55f5f805_20250806_105536_labeled.csv,18cd1d712f8db09a,b8ea8725dcdfd91006558bf846d636baa2365de52a8b293ca62f4a1b111072df,4,9,5,0,UniLend,0x55f5f8058816d5376df310770ca3a2e294089c33
event_event_5_UniLend_0x55f5f805_20250806_105536_labeled.csv,855428f2b2325c4f,b8ea8725dcdfd91006558bf846d636baa2365de52a8b293ca62f4a1b111072df,4,9,5,1,UniLend,0x55f5f8058816d5376df310770ca3a2e294089c33
event_event_5_UniLend_0x55f5f805_20250806_105536_labeled.csv,eb8fcae26b90abe1,b8ea8725dcdfd91006558bf846d636baa2365de52a8b293ca62f4a1b111072df,4,9,5,0,UniLend,0x55f5f8058816d5376df310770ca3a2e294089c33
event_event_5_UniLend_0x55f5f805_20250806_105536_labeled.csv,703ac6b91929ac4b,4ac9dee536c0729a9d1285d8c36c04560d2e0799b966e7e5afb6abf2939ad1bc,3,7,4,0,UniLend,0x55f5f8058816d5376df310770ca3a2e294089c33
event_event_5_UniLend_0x55f5f805_20250806_105536_labeled.csv,34dec3f5272c1ba4,b8ea8725dcdfd91006558bf846d636baa2365de52a8b293ca62f4a1b111072df,4,9,5,0,UniLend,0x55f5f8058816d5376df310770ca3a2e294089c33
event_event_5_UniLend_0x55f5f805_20250806_105536_labeled.csv,3dd0f26b2f089f03,b8ea8725dcdfd91006558bf846d636baa2365de52a8b293ca62f4a1b111072df,3,7,4,0,UniLend,0x55f5f8058816d5376df310770ca3a2e294089c33
event_event_5_UniLend_0x55f5f805_20250806_105536_labeled.csv,6979bc0f88e36259,b8ea8725dcdfd91006558bf846d636baa2365de52a8b293ca62f4a1b111072df,3,7,4,0,UniLend,0x55f5f8058816d5376df310770ca3a2e294089c33
event_event_5_UniLend_0x55f5f805_20250806_105536_labeled.csv,a683d394862722c6,b8ea8725dcdfd91006558bf846d636baa2365de52a8b293ca62f4a1b111072df,3,7,4,0,UniLend,0x55f5f8058816d5376df310770ca3a2e294089c33
event_event_5_UniLend_0x55f5f805_20250806_105536_labeled.csv,3fc9d0f1774413ba,b8ea8725dcdfd91006558bf846d636baa2365de52a8b293ca62f4a1b111072df,4,8,4,0,UniLend,0x55f5f8058816d5376df310770ca3a2e294089c33
event_event_5_UniLend_0x55f5f805_20250806_105536_labeled.csv,4c485e7a16bf2076,b8ea8725dcdfd91006558bf846d636baa2365de52a8b293ca62f4a1b111072df,6,11,5,1,UniLend,0x55f5f8058816d5376df310770ca3a2e294089c33
event_event_5_UniLend_0x55f5f805_20250806_105536_labeled.csv,795fed805e27643e,b8ea8725dcdfd91006558bf846d636baa2365de52a8b293ca62f4a1b111072df,6,11,5,0,UniLend,0x55f5f8058816d5376df310770ca3a2e294089c33
event_event_5_UniLend_0x55f5f805_20250806_105536_labeled.csv,f1c6be71bd4df866,44037ffc0993327176975e08789b71c1058318f48ddeff25890a577d6555b6ba,3,7,4,0,UniLend,0x55f5f8058816d5376df310770ca3a2e294089c33
event_event_5_UniLend_0x55f5f805_20250806_105536_labeled.csv,c8bded07e87619c3,b8ea8725dcdfd91006558bf846d636baa2365de52a8b293ca62f4a1b111072df,5,8,3,0,UniLend,0x55f5f8058816d5376df310770ca3a2e294089c33
event_event_5_UniLend_0x55f5f805_20250806_105536_labeled.csv,7ae23ceb0cd8fff5,b8ea8725dcdfd91006558bf846d636baa2365de52a8b293ca62f4a1b111072df,2,6,4,0,UniLend,0x55f5f8058816d5376df310770ca3a2e294089c33
event_event_5_UniLend_0x55f5f805_20250806_105536_labeled.csv,5ad1923900777e66,b8ea8725dcdfd91006558bf846d636baa2365de52a8b293ca62f4a1b111072df,3,7,4,0,UniLend,0x55f5f8058816d5376df310770ca3a2e294089c33
event_event_5_UniLend_0x55f5f805_20250806_105536_labeled.csv,e5215c6a29fa03bd,b8ea8725dcdfd91006558bf846d636baa2365de52a8b293ca62f4a1b111072df,3,7,4,0,UniLend,0x55f5f8058816d5376df310770ca3a2e294089c33
event_event_5_UniLend_0x55f5f805_20250806_105536_labeled.csv,2881cebfeb5710a1,b8ea8725dcdfd91006558bf846d636baa2365de52a8b293ca62f4a1b111072df,3,7,4,0,UniLend,0x55f5f8058816d5376df310770ca3a2e294089c33
event_event_5_UniLend_0x55f5f805_20250806_105536_labeled.csv,9c5ac8c9f16fce3d,4ac9dee536c0729a9d1285d8c36c04560d2e0799b966e7e5afb6abf2939ad1bc,5,8,3,0,UniLend,0x55f5f8058816d5376df310770ca3a2e294089c33
event_event_5_UniLend_0x55f5f805_20250806_105536_labeled.csv,cb46a0d7fca95e7a,b8ea8725dcdfd91006558bf846d636baa2365de52a8b293ca62f4a1b111072df,5,10,5,0,UniLend,0x55f5f8058816d5376df310770ca3a2e294089c33
event_event_5_UniLend_0x55f5f805_20250806_105536_labeled.csv,87d0ce0a4eeab9f6,b8ea8725dcdfd91006558bf846d636baa2365de52a8b293ca62f4a1b111072df,5,8,3,0,UniLend,0x55f5f8058816d5376df310770ca3a2e294089c33
event_event_5_UniLend_0x55f5f805_20250806_105536_labeled.csv,6c93bfb526885fe0,4ac9dee536c0729a9d1285d8c36c04560d2e0799b966e7e5afb6abf2939ad1bc,5,9,4,0,UniLend,0x55f5f8058816d5376df310770ca3a2e294089c33
event_event_5_UniLend_0x55f5f805_20250806_105536_labeled.csv,2ef2d50adb77c17a,dff3f578284507a25d162df3f8a7fdfbd0d2078de80efaafd9b930750d2174e0,2,2,0,0,UniLend,0x55f5f8058816d5376df310770ca3a2e294089c33
event_event_5_UniLend_0x55f5f805_20250806_105536_labeled.csv,502008e08edcd641,b8ea8725dcdfd91006558bf846d636baa2365de52a8b293ca62f4a1b111072df,3,6,3,0,UniLend,0x55f5f8058816d5376df310770ca3a2e294089c33
event_event_5_UniLend_0x55f5f805_20250806_105536_labeled.csv,2eea4df162e82043,44037ffc0993327176975e08789b71c1058318f48ddeff25890a577d6555b6ba,5,8,3,0,UniLend,0x55f5f8058816d5376df310770ca3a2e294089c33
event_event_5_UniLend_0x55f5f805_20250806_105536_labeled.csv,3869df7c782fb07e,b8ea8725dcdfd91006558bf846d636baa2365de52a8b293ca62f4a1b111072df,2,7,5,0,UniLend,0x55f5f8058816d5376df310770ca3a2e294089c33
event_event_6_Euler_Finance_0xebc29199_20250806_105743_labeled.csv,d116a7465e5db78d,c310a0affe2169d1f6feec1c63dbc7f7c62a887fa48795d327d4d2da2d6b111d,5,11,6,1,Euler Finance,0xebc29199c817dc47ba12e3f86102564d640cbf99
event_event_6_Euler_Finance_0xebc29199_20250806_105743_labeled.csv,56325d03f4501545,c310a0affe2169d1f6feec1c63dbc7f7c62a887fa48795d327d4d2da2d6b111d,4,9,5,1,Euler Finance,0xebc29199c817dc47ba12e3f86102564d640cbf99
event_event_6_Euler_Finance_0xebc29199_20250806_105743_labeled.csv,8a0d6faeb788b288,c310a0affe2169d1f6feec1c63dbc7f7c62a887fa48795d327d4d2da2d6b111d,4,8,4,1,Euler Finance,0xebc29199c817dc47ba12e3f86102564d640cbf99
event_event_6_Euler_Finance_0xebc29199_20250806_105743_labeled.csv,e4a05133c263ff74,c310a0affe2169d1f6feec1c63dbc7f7c62a887fa48795d327d4d2da2d6b111d,5,11,6,1,Euler Finance,0xebc29199c817dc47ba12e3f86102564d640cbf99
event_event_6_Euler_Finance_0xebc29199_20250806_105743_labeled.csv,c576a0d0fbbbdaf5,c310a0affe2169d1f6feec1c63dbc7f7c62a887fa48795d327d4d2da2d6b111d,4,9,5,1,Euler Finance,0xebc29199c817dc47ba12e3f86102564d640cbf99
event_event_6_Euler_Finance_0xebc29199_20250806_105743_labeled.csv,b694699dd35ce176,c310a0affe2169d1f6feec1c63dbc7f7c62a887fa48795d327d4d2da2d6b111d,5,10,5,1,Euler Finance,0xebc29199c817dc47ba12e3f86102564d640cbf99
event_event_6_Euler_Finance_0xebc29199_20250806_105743_labeled.csv,09f5fea1cd5cdcbf,c310a0affe2169d1f6feec1c63dbc7f7c62a887fa48795d327d4d2da2d6b111d,4,9,5,1,Euler Finance,0xebc29199c817dc47ba12e3f86102564d640cbf99
event_event_6_Euler_Finance_0xebc29199_20250806_105743_labeled.csv,b9097ac09d5ca360,c310a0affe2169d1f6feec1c63dbc7f7c62a887fa48795d327d4d2da2d6b111d,5,10,5,0,Euler Finance,0xebc29199c817dc47ba12e3f86102564d640cbf99
event_event_6_Euler_Finance_0xebc29199_20250806_105743_labeled.csv,f083289ea396e398,c310a0affe2169d1f6feec1c63dbc7f7c62a887fa48795d327d4d2da2d6b111d,4,8,4,1,Euler Finance,0xebc29199c817dc47ba12e3f86102564d640cbf99
event_event_6_Euler_Finance_0xebc29199_20250806_105743_labeled.csv,71fe07cb43f75d49,c310a0affe2169d1f6feec1c63dbc7f7c62a887fa48795d327d4d2da2d6b111d,5,9,4,0,Euler Finance,0xebc29199c817dc47ba12e3f86102564d640cbf99
event_event_6_Euler_Finance_0xebc29199_20250806_105743_labeled.csv,659f561a3a10f7aa,c310a0affe2169d1f6feec1c63dbc7f7c62a887fa48795d327d4d2da2d6b111d,6,11,5,0,Euler Finance,0xebc29199c817dc47ba12e3f86102564d640cbf99
event_event_6_Euler_Finance_0xebc29199_20250806_105743_labeled.csv,e5526c159be1e9f8,c310a0affe2169d1f6feec1c63dbc7f7c62a887fa48795d327d4d2da2d6b111d,4,9,5,0,Euler Finance,0xebc29199c817dc47ba12e3f86102564d640cbf99
event_event_6_Euler_Finance_0xebc29199_20250806_105743_labeled.csv,e94f2cd2bdef6767,c310a0affe2169d1f6feec1c63dbc7f7c62a887fa48795d327d4d2da2d6b111d,4,8,4,1,Euler Finance,0xebc29199c817dc47ba12e3f86102564d640cbf99
event_event_6_Euler_Finance_0xebc29199_20250806_105743_labeled.csv,cd51d11f011ef59b,c310a0affe2169d1f6feec1c63dbc7f7c62a887fa48795d327d4d2da2d6b111d,4,9,5,1,Euler Finance,0xebc29199c817dc47ba12e3f86102564d640cbf99
event_event_6_Euler_Finance_0xebc29199_20250806_105743_labeled.csv,8db82b342e9a7b33,c310a0affe2169d1f6feec1c63dbc7f7c62a887fa48795d327d4d2da2d6b111d,5,10,5,1,Euler Finance,0xebc29199c817dc47ba12e3f86102564d640cbf99
event_event_6_Euler_Finance_0xebc29199_20250806_105743_labeled.csv,a5bbba7aa286387d,c310a0affe2169d1f6feec1c63dbc7f7c62a887fa48795d327d4d2da2d6b111d,4,9,5,1,Euler Finance,0xebc29199c817dc47ba12e3f86102564d640cbf99
event_event_6_Euler_Finance_0xebc29199_20250806_105743_labeled.csv,0171611c1868b321,c310a0affe2169d1f6feec1c63dbc7f7c62a887fa48795d327d4d2da2d6b111d,5,12,7,0,Euler Finance,0xebc29199c817dc47ba12e3f86102564d640cbf99
event_event_6_Euler_Finance_0xebc29199_20250806_105743_labeled.csv,a17b0cc12d0106cd,c310a0affe2169d1f6feec1c63dbc7f7c62a887fa48795d327d4d2da2d6b111d,4,8,4,1,Euler Finance,0xebc29199c817dc47ba12e3f86102564d640cbf99
event_event_6_Euler_Finance_0xebc29199_20250806_105743_labeled.csv,62487d20f8adaeb2,c310a0affe2169d1f6feec1c63dbc7f7c62a887fa48795d327d4d2da2d6b111d,5,11,6,0,Euler Finance,0xebc29199c817dc47ba12e3f86102564d640cbf99
event_event_6_Euler_Finance_0xebc29199_20250806_105743_labeled.csv,e537458e9b298679,c310a0affe2169d1f6feec1c63dbc7f7c62a887fa48795d327d4d2da2d6b111d,3,6,3,0,Euler Finance,0xebc29199c817dc47ba12e3f86102564d640cbf99
event_event_6_Euler_Finance_0xebc29199_20250806_105743_labeled.csv,39e242e900ee0a99,c310a0affe2169d1f6feec1c63dbc7f7c62a887fa48795d327d4d2da2d6b111d,4,9,5,1,Euler Finance,0xebc29199c817dc47ba12e3f86102564d640cbf99
event_event_6_Euler_Finance_0xebc29199_20250806_105743_labeled.csv,1061e8ceb9ef535f,c310a0affe2169d1f6feec1c63dbc7f7c62a887fa48795d327d4d2da2d6b111d,4,8,4,0,Euler Finance,0xebc29199c817dc47ba12e3f86102564d640cbf99
event_event_6_Euler_Finance_0xebc29199_20250806_105743_labeled.csv,14877c0178a4e366,c310a0affe2169d1f6feec1c63dbc7f7c62a887fa48795d327d4d2da2d6b111d,5,12,7,0,Euler Finance,0xebc29199c817dc47ba12e3f86102564d640cbf99
event_event_6_Euler_Finance_0xebc29199_20250806_105743_labeled.csv,4ef57f281652abc3,c310a0affe2169d1f6feec1c63dbc7f7c62a887fa48795d327d4d2da2d6b111d,4,9,5,0,Euler Finance,0xebc29199c817dc47ba12e3f86102564d640cbf99
event_event_6_Euler_Finance_0xebc29199_20250806_105743_labeled.csv,1a818278e2a2d46f,c310a0affe2169d1f6feec1c63dbc7f7c62a887fa48795d327d4d2da2d6b111d,5,10,5,0,Euler Finance,0xebc29199c817dc47ba12e3f86102564d640cbf99
event_event_6_Euler_Finance_0xebc29199_20250806_105743_labeled.csv,e6e9e8589d606673,c310a0affe2169d1f6feec1c63dbc7f7c62a887fa48795d327d4d2da2d6b111d,4,8,4,1,Euler Finance,0xebc29199c817dc47ba12e3f86102564d640cbf99
event_event_6_Euler_Finance_0xebc29199_20250806_105743_labeled.csv,4f91b8f623ea0ff0,c310a0affe2169d1f6feec1c63dbc7f7c62a887fa48795d327d4d2da2d6b111d,4,8,4,1,Euler Finance,0xebc29199c817dc47ba12e3f86102564d640cbf99
event_event_6_Euler_Finance_0xebc29199_20250806_105743_labeled.csv,11583492d0754c26,c310a0affe2169d1f6feec1c63dbc7f7c62a887fa48795d327d4d2da2d6b111d,4,9,5,1,Euler Finance,0xebc29199c817dc47ba12e3f86102564d640cbf99
event_event_6_Euler_Finance_0xebc29199_20250806_105743_labeled.csv,f7ac4e8e834ea957,c310a0affe2169d1f6feec1c63dbc7f7c62a887fa48795d327d4d2da2d6b111d,4,9,5,0,Euler Finance,0xebc29199c817dc47ba12e3f86102564d640cbf99
event_event_6_Euler_Finance_0xebc29199_20250806_105743_labeled.csv,e24cc64cd8aa6107,c310a0affe2169d1f6feec1c63dbc7f7c62a887fa48795d327d4d2da2d6b111d,5,12,7,0,Euler Finance,0xebc29199c817dc47ba12e3f86102564d640cbf99
event_event_8_OTSea_0x00000000_20250806_110443_labeled.csv,aa541737b4aa1284,90b4fcf583444d44efb8625e6f253cfcb786d2f4eda7198bdab67a54108cd5f4,7,16,9,0,OTSea,0x000000003704bc4ffb86000046721f44ef3dbabe
event_event_8_OTSea_0x00000000_20250806_110443_labeled.csv,830d2b828c8f1dd3,90b4fcf583444d44efb8625e6f253cfcb786d2f4eda7198bdab67a54108cd5f4,7,16,9,0,OTSea,0x000000003704bc4ffb86000046721f44ef3dbabe
event_event_8_OTSea_0x00000000_20250806_110443_labeled.csv,680e34cb59aa2989,1808fea416f6fd159397bbbca13552e0a9e9dbb2af8abdd69c41c7be03e138a9,3,5,2,0,OTSea,0x000000003704bc4ffb86000046721f44ef3dbabe
event_event_8_OTSea_0x00000000_20250806_110443_labeled.csv,b629d187c5c2dd4a,90b4fcf583444d44efb8625e6f253cfcb786d2f4eda7198bdab67a54108cd5f4,6,9,3,1,OTSea,0x000000003704bc4ffb86000046721f44ef3dbabe
event_event_8_OTSea_0x00000000_20250806_110443_labeled.csv,373b7939cbf92bd0,1808fea416f6fd159397bbbca13552e0a9e9dbb2af8abdd69c41c7be03e138a9,3,5,2,0,OTSea,0x000000003704bc4ffb86000046721f44ef3dbabe
event_event_8_OTSea_0x00000000_20250806_110443_labeled.csv,2fefbed28581cc90,90b4fcf583444d44efb8625e6f253cfcb786d2f4eda7198bdab67a54108cd5f4,6,13,7,0,OTSea,0x000000003704bc4ffb86000046721f44ef3dbabe
event_event_8_OTSea_0x00000000_20250806_110443_labeled.csv,3d1ccdec52d4797f,90b4fcf583444d44efb8625e6f253cfcb786d2f4eda7198bdab67a54108cd5f4,4,7,3,0,OTSea,0x000000003704bc4ffb86000046721f44ef3dbabe
event_event_8_OTSea_0x00000000_20250806_110443_labeled.csv,227b0cb142f2bc1e,90b4fcf583444d44efb8625e6f253cfcb786d2f4eda7198bdab67a54108cd5f4,5,8,3,1,OTSea,0x000000003704bc4ffb86000046721f44ef3dbabe
event_event_8_OTSea_0x00000000_20250806_110443_labeled.csv,d49550d09e02f5bf,90b4fcf583444d44efb8625e6f253cfcb786d2f4eda7198bdab67a54108cd5f4,3,7,4,0,OTSea,0x000000003704bc4ffb86000046721f44ef3dbabe
event_event_8_OTSea_0x00000000_20250806_110443_labeled.csv,987d33af7f55383c,90b4fcf583444d44efb8625e6f253cfcb786d2f4eda7198bdab67a54108cd5f4,5,11,6,0,OTSea,0x000000003704bc4ffb86000046721f44ef3dbabe
event_event_8_OTSea_0x00000000_20250806_110443_labeled.csv,d1dbc74bcd24446d,90b4fcf583444d44efb8625e6f253cfcb786d2f4eda7198bdab67a54108cd5f4,2,5,3,0,OTSea,0x000000003704bc4ffb86000046721f44ef3dbabe
event_event_8_OTSea_0x00000000_20250806_110443_labeled.csv,dfd917619e0f73dd,90b4fcf583444d44efb8625e6f253cfcb786d2f4eda7198bdab67a54108cd5f4,6,13,7,0,OTSea,0x000000003704bc4ffb86000046721f44ef3dbabe
event_event_8_OTSea_0x00000000_20250806_110443_labeled.csv,36b6e401860d3740,a3e44acf199390a92ab9c1cee0f21b387134fa7dc904006eb54da1a2c5e3b7a3,2,3,1,0,OTSea,0x000000003704bc4ffb86000046721f44ef3dbabe
event_event_8_OTSea_0x00000000_20250806_110443_labeled.csv,c5d246256b253a34,90b4fcf583444d44efb8625e6f253cfcb786d2f4eda7198bdab67a54108cd5f4,2,4,2,0,OTSea,0x000000003704bc4ffb86000046721f44ef3dbabe
event_event_8_OTSea_0x00000000_20250806_110443_labeled.csv,4d598df1abe4186f,90b4fcf583444d44efb8625e6f253cfcb786d2f4eda7198bdab67a54108cd5f4,3,7,4,0,OTSea,0x000000003704bc4ffb86000046721f44ef3dbabe
event_event_8_OTSea_0x00000000_20250806_110443_labeled.csv,c4ca3d581b0f69d3,90b4fcf583444d44efb8625e6f253cfcb786d2f4eda7198bdab67a54108cd5f4,3,7,4,0,OTSea,0x000000003704bc4ffb86000046721f44ef3dbabe
event_event_8_OTSea_0x00000000_20250806_110443_labeled.csv,7c70cd1d8b869ce3,bab8da842a01eb199eb741d1118893345e4c5845b493e126659c1b5991beb635,2,3,1,0,OTSea,0x000000003704bc4ffb86000046721f44ef3dbabe
event_event_8_OTSea_0x00000000_20250806_110443_labeled.csv,500f90a5931d519d,1808fea416f6fd159397bbbca13552e0a9e9dbb2af8abdd69c41c7be03e138a9,2,4,2,0,OTSea,0x000000003704bc4ffb86000046721f44ef3dbabe
event_event_8_OTSea_0x00000000_20250806_110443_labeled.csv,9f866dc2de4ce70d,90b4fcf583444d44efb8625e6f253cfcb786d2f4eda7198bdab67a54108cd5f4,2,4,2,0,OTSea,0x000000003704bc4ffb86000046721f44ef3dbabe
event_event_8_OTSea_0x00000000_20250806_110443_labeled.csv,e3be82b7e5ee0fb0,90b4fcf583444d44efb8625e6f253cfcb786d2f4eda7198bdab67a54108cd5f4,4,7,3,0,OTSea,0x000000003704bc4ffb86000046721f44ef3dbabe
event_event_8_OTSea_0x00000000_20250806_110443_labeled.csv,251432ff929db535,90b4fcf583444d44efb8625e6f253cfcb786d2f4eda7198bdab67a54108cd5f4,2,5,3,0,OTSea,0x000000003704bc4ffb86000046721f44ef3dbabe
event_event_8_OTSea_0x00000000_20250806_110443_labeled.csv,2fcc27c4c235837b,599c982a58a00525e16bc863729d83f247a02b04f4e6863e9f5cc9f24519261a,2,3,1,0,OTSea,0x000000003704bc4ffb86000046721f44ef3dbabe
event_event_8_OTSea_0x00000000_20250806_110443_labeled.csv,c65426ae16feae6e,e7014b36a0d3cafd4526116f1954ef1be6b508d38e2569638d357a739c22f629,2,2,0,0,OTSea,0x000000003704bc4ffb86000046721f44ef3dbabe
event_event_8_OTSea_0x00000000_20250806_110443_labeled.csv,df2906fb10aa7a14,90b4fcf583444d44efb8625e6f253cfcb786d2f4eda7198bdab67a54108cd5f4,3,7,4,0,OTSea,0x000000003704bc4ffb86000046721f44ef3dbabe
event_event_8_OTSea_0x00000000_20250806_110443_labeled.csv,9f33c449911c3c9d,bab8da842a01eb199eb741d1118893345e4c5845b493e126659c1b5991beb635,2,3,1,0,OTSea,0x000000003704bc4ffb86000046721f44ef3dbabe
event_event_8_OTSea_0x00000000_20250806_110443_labeled.csv,40126cf3b06f2835,90b4fcf583444d44efb8625e6f253cfcb786d2f4eda7198bdab67a54108cd5f4,5,9,4,0,OTSea,0x000000003704bc4ffb86000046721f44ef3dbabe
event_event_8_OTSea_0x00000000_20250806_110443_labeled.csv,fbd3cfb797d12a8e,90b4fcf583444d44efb8625e6f253cfcb786d2f4eda7198bdab67a54108cd5f4,4,8,4,1,OTSea,0x000000003704bc4ffb86000046721f44ef3dbabe
event_event_8_OTSea_0x00000000_20250806_110443_labeled.csv,01d09957f88f6691,90b4fcf583444d44efb8625e6f253cfcb786d2f4eda7198bdab67a54108cd5f4,6,9,3,0,OTSea,0x000000003704bc4ffb86000046721f44ef3dbabe
event_event_9_Dexible_0x684083f3_20250806_110455_labeled.csv,329f2ae5c00fed88,138daa4cbeaa3db42eefcec26e234fc2c89a4aa17d6b1870fc460b2856fd11a6,3,7,4,0,Dexible,0x684083f312ac50f538cc4b634d85a2feafaab77a
event_event_9_Dexible_0x684083f3_20250806_110455_labeled.csv,26020c653e8ab192,138daa4cbeaa3db42eefcec26e234fc2c89a4aa17d6b1870fc460b2856fd11a6,3,7,4,0,Dexible,0x684083f312ac50f538cc4b634d85a2feafaab77a
event_event_9_Dexible_0x684083f3_20250806_110455_labeled.csv,3acfa771aaf338e8,138daa4cbeaa3db42eefcec26e234fc2c89a4aa17d6b1870fc460b2856fd11a6,3,7,4,0,Dexible,0x684083f312ac50f538cc4b634d85a2feafaab77a
event_event_9_Dexible_0x684083f3_20250806_110455_labeled.csv,26e284995417ecf8,138daa4cbeaa3db42eefcec26e234fc2c89a4aa17d6b1870fc460b2856fd11a6,2,5,3,0,Dexible,0x684083f312ac50f538cc4b634d85a2feafaab77a
event_event_9_Dexible_0x684083f3_20250806_110455_labeled.csv,bc91c3d41b179e13,138daa4cbeaa3db42eefcec26e234fc2c89a4aa17d6b1870fc460b2856fd11a6,3,6,3,0,Dexible,0x684083f312ac50f538cc4b634d85a2feafaab77a
event_event_9_Dexible_0x684083f3_20250806_110455_labeled.csv,d37e7932871eb5e9,138daa4cbeaa3db42eefcec26e234fc2c89a4aa17d6b1870fc460b2856fd11a6,3,5,2,0,Dexible,0x684083f312ac50f538cc4b634d85a2feafaab77a
event_event_9_Dexible_0x684083f3_20250806_110455_labeled.csv,8dccf4c4f5df08b8,138daa4cbeaa3db42eefcec26e234fc2c89a4aa17d6b1870fc460b2856fd11a6,3,6,3,0,Dexible,0x684083f312ac50f538cc4b634d85a2feafaab77a
event_event_9_Dexible_0x684083f3_20250806_110455_labeled.csv,ba2fd67ccc7e1991,138daa4cbeaa3db42eefcec26e234fc2c89a4aa17d6b1870fc460b2856fd11a6,2,5,3,0,Dexible,0x684083f312ac50f538cc4b634d85a2feafaab77a
event_event_9_Dexible_0x684083f3_20250806_110455_labeled.csv,fcfed5a13a59b21a,138daa4cbeaa3db42eefcec26e234fc2c89a4aa17d6b1870fc460b2856fd11a6,2,4,2,0,Dexible,0x684083f312ac50f538cc4b634d85a2feafaab77a
event_event_9_Dexible_0x684083f3_20250806_110455_labeled.csv,80006539d3b7783e,138daa4cbeaa3db42eefcec26e234fc2c89a4aa17d6b1870fc460b2856fd11a6,4,8,4,0,Dexible,0x684083f312ac50f538cc4b634d85a2feafaab77a
event_event_9_Dexible_0x684083f3_20250806_110455_labeled.csv,6e547b84eb817998,138daa4cbeaa3db42eefcec26e234fc2c89a4aa17d6b1870fc460b2856fd11a6,4,6,2,0,Dexible,0x684083f312ac50f538cc4b634d85a2feafaab77a
event_event_9_Dexible_0x684083f3_20250806_110455_labeled.csv,72c3998c82fccf28,138daa4cbeaa3db42eefcec26e234fc2c89a4aa17d6b1870fc460b2856fd11a6,3,6,3,0,Dexible,0x684083f312ac50f538cc4b634d85a2feafaab77a
event_event_9_Dexible_0x684083f3_20250806_110455_labeled.csv,86b5983d1734d659,138daa4cbeaa3db42eefcec26e234fc2c89a4aa17d6b1870fc460b2856fd11a6,3,6,3,0,Dexible,0x684083f312ac50f538cc4b634d85a2feafaab77a
event_event_9_Dexible_0x684083f3_20250806_110455_labeled.csv,ab89ca21769f9f42,138daa4cbeaa3db42eefcec26e234fc2c89a4aa17d6b1870fc460b2856fd11a6,3,8,5,1,Dexible,0x684083f312ac50f538cc4b634d85a2feafaab77a
event_event_9_Dexible_0x684083f3_20250806_110455_labeled.csv,b214ca8d3e6fdd5c,138daa4cbeaa3db42eefcec26e234fc2c89a4aa17d6b1870fc460b2856fd11a6,3,7,4,1,Dexible,0x684083f312ac50f538cc4b634d85a2feafaab77a
event_event_9_Dexible_0x684083f3_20250806_110455_labeled.csv,51cc50a10fa220fe,138daa4cbeaa3db42eefcec26e234fc2c89a4aa17d6b1870fc460b2856fd11a6,3,7,4,1,Dexible,0x684083f312ac50f538cc4b634d85a2feafaab77a
event_event_9_Dexible_0x684083f3_20250806_110455_labeled.csv,9a52578a98c6221f,138daa4cbeaa3db42eefcec26e234fc2c89a4aa17d6b1870fc460b2856fd11a6,3,8,5,1,Dexible,0x684083f312ac50f538cc4b634d85a2feafaab77a
event_event_9_Dexible_0x684083f3_20250806_110455_labeled.csv,6c25b14fbacc9744,138daa4cbeaa3db42eefcec26e234fc2c89a4aa17d6b1870fc460b2856fd11a6,4,9,5,1,Dexible,0x684083f312ac50f538cc4b634d85a2feafaab77a
